00ba0067c0463b8bd0d73411fadc517e236fc98f	refs/ghprsq/pr/1242/result
00ba0067c0463b8bd0d73411fadc517e236fc98f	refs/ghprsq/pr/1244/base
00bca0276329285995956d6c7a75f77a7955337a	refs/ghprsq/pr/1252/head
00e63287d80f1db3e0d9cbafcdd30d1720bff50d	refs/ghprsq/pr/1414/result
00e63287d80f1db3e0d9cbafcdd30d1720bff50d	refs/ghprsq/pr/1445/base
0133becb2f928965322a8dfe4d88acb946d2611f	refs/ghprsq/pr/1215/result
0133becb2f928965322a8dfe4d88acb946d2611f	refs/ghprsq/pr/1217/base
01d979e265530743bf5f73ef509426265018fc1a	refs/ghprsq/pr/1596/head
02544c15c05f0c8beb08a4689328c6caeffda364	refs/ghprsq/pr/1337/head
0287d4b5a0cc40aae1ead1d0040f0ed92315ac7f	refs/ghprsq/pr/1360/base
0287d4b5a0cc40aae1ead1d0040f0ed92315ac7f	refs/ghprsq/pr/1382/result
031c929a410773793befead809d0287440e0eae8	refs/ghprsq/pr/1286/result
031c929a410773793befead809d0287440e0eae8	refs/ghprsq/pr/1288/base
033a1c06289d9a203939a94ccc29be3a167687a1	refs/ghprsq/pr/1548/head
040fa550c2eb2a4191aa5795906e99ea658849d0	refs/ghprsq/pr/1277/head
04a626a5dae3a4c23bb41210d9150a41521a2419	refs/ghprsq/pr/1248/head
04c6812a50f910128023ef976b8e9ce05836348c	refs/ghprsq/pr/1400/result
04c6812a50f910128023ef976b8e9ce05836348c	refs/ghprsq/pr/1414/base
050aea9b8a84d926cbd84437a9c4a4b0d4750edc	refs/ghprsq/pr/1576/base
053933b83c2002e0dcb5cd91feddbea82ad0b404	refs/ghprsq/pr/1549/base
053933b83c2002e0dcb5cd91feddbea82ad0b404	refs/ghprsq/pr/1569/result
0599e6cf8d04a9753bf0ac2f164f6f5a6a56e8f0	refs/ghprsq/pr/1284/head
05ba767ef02946c0b70bd9af19a1f1e0f436f2b6	refs/ghprsq/pr/1494/result
065442fa1fe4d49de8905bf23a876f03d1c60598	refs/ghprsq/pr/1596/base
065442fa1fe4d49de8905bf23a876f03d1c60598	refs/ghprsq/pr/1599/result
073b8a74a22806a10b1ed707d3e1595cfc721233	refs/ghprsq/pr/1232/head
07cba0b34d228e2fc5adc9e0f79d7d9f6f283b07	refs/ghprsq/pr/1320/result
07e12317972af9cb3f6e857b55f5e260d2d0c908	refs/ghprsq/pr/1411/result
07e12317972af9cb3f6e857b55f5e260d2d0c908	refs/ghprsq/pr/1431/base
0851afb2f5a0cb7b0dbaeacb384bdc17b1cc115b	refs/ghprsq/pr/1290/result
086ea2355d878c359d3ee4e1a09f7ae27b5f269b	refs/ghprsq/pr/1432/head
0949d869d3fd5b6a4af07f093aca6dec67b2678e	refs/ghprsq/pr/1175/head
0994ef0ad832ae915526eacb20aa3dd88aa20395	refs/ghprsq/pr/1319/result
0994ef0ad832ae915526eacb20aa3dd88aa20395	refs/ghprsq/pr/1321/base
0ab6e7f3d2a0c6e1cae374574e2f07d246842cb3	refs/ghprsq/pr/1150/head
0b0cc4b8064b797ea3d4cb55a4193454336f4999	refs/ghprsq/pr/1332/head
0d5a6146f84bf8082dda615462d588c0d4dd3bf0	refs/ghprsq/pr/1289/head
0eb26047dcea10f34e1497a98cc70615c11de601	refs/ghprsq/pr/1606/head
0f247778a86fc5b04b8b8029724b47da15e70b52	refs/ghprsq/pr/1184/result
0f247778a86fc5b04b8b8029724b47da15e70b52	refs/ghprsq/pr/1185/base
0fddd7ad74c5cff694ecd46f20032feeb313f1d0	refs/ghprsq/pr/1326/head
10dc7b403b67340c8bd2400e622d833d0755530f	refs/ghprsq/pr/1507/head
10dc98700de3ad5f5b7da7e4cf66999dbdf5d407	refs/ghprsq/pr/1485/result
10dc98700de3ad5f5b7da7e4cf66999dbdf5d407	refs/ghprsq/pr/1487/base
10fb2040aac3d4eb531537524394c5db7532ecf9	refs/ghprsq/pr/1396/head
1125e2dbdb449393a5068dd74190940fa1a86a2d	refs/ghprsq/pr/1386/base
1125e2dbdb449393a5068dd74190940fa1a86a2d	refs/ghprsq/pr/1391/result
11824efb913a578dc678e076831cf8ab8b2c7e94	refs/ghprsq/pr/1414/head
128cc8ed8f4e94b0e2fb6eec481b52fce12e4a53	refs/ghprsq/pr/1263/head
12cf26609d22c4c5d15b96f76ace738d7483dfd6	refs/ghprsq/pr/1148/result
12cf26609d22c4c5d15b96f76ace738d7483dfd6	refs/ghprsq/pr/1150/base
1361ab1dfcaba673c64b5a47b49c195524344291	refs/ghprsq/pr/1607/result
13fa5609e8cd892dbbb74b2cce94471b254a375d	refs/ghprsq/pr/1134/result
143e72f57b04528245daf232e19d1c977de392a8	refs/ghprsq/pr/1390/base
143e72f57b04528245daf232e19d1c977de392a8	refs/ghprsq/pr/1395/result
146e704d0984ffd26584bbf8681847c964760b88	refs/ghprsq/pr/1177/result
146e704d0984ffd26584bbf8681847c964760b88	refs/ghprsq/pr/1181/base
14e1dc383cdf9c43533e7eb92e5411a3c12a41bc	refs/ghprsq/pr/1332/result
14e1dc383cdf9c43533e7eb92e5411a3c12a41bc	refs/ghprsq/pr/1359/base
15a6b08c46868e8042985b7616d7be21cccf734c	refs/ghprsq/pr/1576/result
15f48d18a65c297fb3c1d8c95def4a5773741c88	refs/ghprsq/pr/1316/head
15fc1370cc0ad943a305b93dab75c1c4a7b5d7c3	refs/ghprsq/pr/1161/base
15fc1370cc0ad943a305b93dab75c1c4a7b5d7c3	refs/ghprsq/pr/1164/result
166f9cdaaebf01fc4016211659ad70a5316d0704	refs/ghprsq/pr/1198/head
17038bf56c772bfe63fb35079a514bb0fa36bb68	refs/ghprsq/pr/1218/head
17e638980caafb3ff1b01cf99d964999dea9836e	refs/ghprsq/pr/1149/base
17e638980caafb3ff1b01cf99d964999dea9836e	refs/ghprsq/pr/1152/result
1a19b3b21041394fa0840960ce234f1b46aa17da	refs/ghprsq/pr/1229/result
1a19b3b21041394fa0840960ce234f1b46aa17da	refs/ghprsq/pr/1231/base
1a634c86affd215897c75adc0428bfe2448e32c8	refs/ghprsq/pr/1477/base
1a634c86affd215897c75adc0428bfe2448e32c8	refs/ghprsq/pr/1478/result
1adea2028f11e56f991165e91d9f4e8d889ac83b	refs/ghprsq/pr/1386/head
1b410de2e0fa05457469deb09df5886a744b0593	refs/ghprsq/pr/1400/head
1c03790525a3edd3dcb39631c13fdcf5dd21561d	refs/ghprsq/pr/1230/base
1c03790525a3edd3dcb39631c13fdcf5dd21561d	refs/ghprsq/pr/1231/result
1c1efa1665cb53cd788bae4c947c9c0b6fe79f9d	refs/ghprsq/pr/1506/result
1c1efa1665cb53cd788bae4c947c9c0b6fe79f9d	refs/ghprsq/pr/1512/base
1d59dd65e480f9d4763ea617ed98a3b47e16fdb6	refs/ghprsq/pr/1370/result
1d59dd65e480f9d4763ea617ed98a3b47e16fdb6	refs/ghprsq/pr/1378/base
1e64929a58e9727b9192ae71b036807dc9f3a66f	refs/ghprsq/pr/1595/head
1ea3ce3ba9f66e9dd21651556baea03ed511dadf	refs/ghprsq/pr/1321/head
1ed4f36909138001bed38db47dfe59bd8fea444f	refs/ghprsq/pr/1279/head
1fd17dbd49c0280fd0a19de9b155fc6cfe537596	refs/ghprsq/pr/1241/head
20dccf3a7c2104aabaa7da4c75c5d991cd15e66b	refs/ghprsq/pr/1500/base
20dccf3a7c2104aabaa7da4c75c5d991cd15e66b	refs/ghprsq/pr/1502/result
2116ab7616b2fcfa28db21e10ff99bec11afb3cc	refs/ghprsq/pr/1584/result
2116ab7616b2fcfa28db21e10ff99bec11afb3cc	refs/ghprsq/pr/1587/base
21fc1d8275627ff1bfac1abd8d19b1b5deaf677f	refs/ghprsq/pr/1554/base
229a64436c32ec2ccbbf12425246ed670184b938	refs/ghprsq/pr/1174/base
229a64436c32ec2ccbbf12425246ed670184b938	refs/ghprsq/pr/1182/result
230b4a667767b24cf150ae751d11786df53c4140	refs/ghprsq/pr/1547/result
230b4a667767b24cf150ae751d11786df53c4140	refs/ghprsq/pr/1550/base
24182b1ed2fda67c6a2dcc9f88d1826794073a7d	refs/ghprsq/pr/1454/result
2419038574db2ffb4bfaca901bf46433c57835c0	refs/ghprsq/pr/1494/head
24404812ab80efcf89cc5a52b0c0f39fdb7acd50	refs/ghprsq/pr/1252/result
24404812ab80efcf89cc5a52b0c0f39fdb7acd50	refs/ghprsq/pr/1274/base
246418db9b5a6f09fe440855d1e718fbf1fd05b4	refs/ghprsq/pr/1274/head
2538b782fd16c4be474808c1c82efcff43d50548	refs/ghprsq/pr/1486/head
2571932b09da6ab5162100699e5719ad47211353	refs/ghprsq/pr/1507/base
2571932b09da6ab5162100699e5719ad47211353	refs/ghprsq/pr/1512/result
265fa97b7e4a070acf170ef02c6c51e051bfcf4c	refs/ghprsq/pr/1238/result
265fa97b7e4a070acf170ef02c6c51e051bfcf4c	refs/ghprsq/pr/1240/base
27ed109c7723cee8729fab0cc05118c854d4961f	refs/ghprsq/pr/1206/head
2800b81d20fb10d0bfb00a4457a5d267d14b90f2	refs/ghprsq/pr/1454/head
28258134c0336256bc0a3a1586bd2cb7d26fe485	refs/ghprsq/pr/1595/base
28258134c0336256bc0a3a1586bd2cb7d26fe485	refs/ghprsq/pr/1596/result
283873080c1578351bfd1ea826ff5baa617374d8	refs/ghprsq/pr/1207/result
287545b885aa86a84161a480a75f9e3996546d04	refs/ghprsq/pr/1471/result
287545b885aa86a84161a480a75f9e3996546d04	refs/ghprsq/pr/1472/base
28bc8b458eeeec2dbd3243489a3ba3ee35caa294	refs/ghprsq/pr/1235/result
293fa258a355e5f8238df102682bca9b29587f6a	refs/ghprsq/pr/1586/base
293fa258a355e5f8238df102682bca9b29587f6a	refs/ghprsq/pr/1590/result
29ed860ee2aa969ca2ba27c0b0af2dfee3e302e2	refs/ghprsq/pr/1473/head
2aee9ed39a6bd9d9bb117a5ab3b080a0a54b5eb6	refs/ghprsq/pr/1496/base
2aee9ed39a6bd9d9bb117a5ab3b080a0a54b5eb6	refs/ghprsq/pr/1499/result
2b538fd772b49bf206cacee0770a627e98761eed	refs/ghprsq/pr/1573/head
2bbb0aebb83b2ceed4f19f08a3fa0474db0cd2f9	refs/ghprsq/pr/1574/base
2f42c52d7b78d1a4fb38bfaaf1d44dec1ac3d3a0	refs/ghprsq/pr/1384/result
2f42c52d7b78d1a4fb38bfaaf1d44dec1ac3d3a0	refs/ghprsq/pr/1391/base
2fa836ef4e3385edcb97720deb9b4541336fe35f	refs/ghprsq/pr/1263/base
2fa836ef4e3385edcb97720deb9b4541336fe35f	refs/ghprsq/pr/1274/result
309e8ebbb32bc4f307305b31cc11effbb571ae86	refs/ghprsq/pr/1313/base
30a2dc8082536b1518e0949f40345752c567f810	refs/ghprsq/pr/1187/result
30a2dc8082536b1518e0949f40345752c567f810	refs/ghprsq/pr/1188/base
3157cf9e79e70f269428dbf3a0cd6630a3b78dac	refs/ghprsq/pr/1554/head
3224e6f7a175870e661c59b7a992991ce241c3d2	refs/ghprsq/pr/1282/head
3250194671672580b8296c6b537d7c09375c3b70	refs/ghprsq/pr/1453/base
3250194671672580b8296c6b537d7c09375c3b70	refs/ghprsq/pr/1456/result
3255358203da2b6a501a2171ae7e69f0e596fd92	refs/ghprsq/pr/1292/result
3255358203da2b6a501a2171ae7e69f0e596fd92	refs/ghprsq/pr/1315/base
32add65b795c51de069e039949616b86ab819baf	refs/ghprsq/pr/1214/base
32add65b795c51de069e039949616b86ab819baf	refs/ghprsq/pr/1217/result
3320602a363d4a15c16780e001e8f102bd5656f9	refs/ghprsq/pr/1478/base
33220dd33ee3999353039dc778f4edbb11eed27f	refs/ghprsq/pr/1135/result
33220dd33ee3999353039dc778f4edbb11eed27f	refs/ghprsq/pr/1148/base
33c0e4bf42be4bbdc0ecd23c11c4534291faed82	refs/ghprsq/pr/1505/head
34704e6cbb975815891951378ddf767f29fd3c28	refs/ghprsq/pr/1289/base
35008ccd3a4d44fbd8aa39879e217ad383867b97	refs/ghprsq/pr/1583/result
35008ccd3a4d44fbd8aa39879e217ad383867b97	refs/ghprsq/pr/1584/base
355d5a4688e2049fccfbc7b7c2ff1a8a22bf16e1	refs/ghprsq/pr/1588/head
35c219cd6c0f948a3d6aed5005271846c209ce17	refs/ghprsq/pr/1593/head
3616ecb5478471d1fbbe4235cb6b0cd887233e71	refs/ghprsq/pr/1382/head
362d49cdccdfee45964cde8bfc6039085e6ae38d	refs/ghprsq/pr/1549/head
368e8340a21deb64b852cc66e837b2af9fdeec7e	refs/ghprsq/pr/1540/head
3790deda277775e7a3585642fc2fbcfe914a136f	refs/ghprsq/pr/1580/result
3882274a92c214f67886b4480e3e9dc52238f73a	refs/ghprsq/pr/1522/head
3950b8e176cb78dc46205ece9a41acc1b1ec6c7f	refs/ghprsq/pr/1337/result
3950b8e176cb78dc46205ece9a41acc1b1ec6c7f	refs/ghprsq/pr/1338/base
3a7ce50b3227c73be47daa5ebef0962f2cfef8f6	refs/ghprsq/pr/1353/result
3a7ce50b3227c73be47daa5ebef0962f2cfef8f6	refs/ghprsq/pr/1357/base
3a85d9400b1752c7ab6971462107f3b27c26e569	refs/ghprsq/pr/1359/head
3b0221f9aad2928f523d5d38db98f8c88d94da65	refs/ghprsq/pr/1339/head
3b7a428c738812fad20009fd88ca276c06c53a5a	refs/ghprsq/pr/1547/head
3bb176081e0ec6d12413036ed4363193684a0f77	refs/ghprsq/pr/1586/head
3bfb63d6f3bbc18e3f7c92feb9bcc0a8325fd44b	refs/ghprsq/pr/1249/head
3c8e3008929ecef417db8567d3f83876c5a6bc34	refs/ghprsq/pr/1569/head
3cd55b8e0fefc65ee34f7a7d068a0e7babfc4867	refs/ghprsq/pr/1276/head
3d4601853b9c54cca7feb89c284bc9668be3213d	refs/ghprsq/pr/1181/head
3d6c4286617c5188c5b14b167aeec0662a603608	refs/ghprsq/pr/1240/head
3d7443c64349d6c7a82764628850a2c9efb1813c	refs/ghprsq/pr/1283/head
3d8f594a7a197ea530e7d0b32e18340cc5595b9f	refs/ghprsq/pr/1146/result
3d8f594a7a197ea530e7d0b32e18340cc5595b9f	refs/ghprsq/pr/1147/base
3e1ae9ad34005bd6f4e76d0732bf8235c51e0667	refs/ghprsq/pr/1233/result
3e1ae9ad34005bd6f4e76d0732bf8235c51e0667	refs/ghprsq/pr/1234/base
3ee60398b39b968a0e8a82b28764b94c264949f2	refs/ghprsq/pr/1147/head
3f8d1beccbd829aa50b771169db0edf6a10c49a0	refs/ghprsq/pr/1319/head
3f942ea070580c2a869d60e334a27613260737bf	refs/ghprsq/pr/1317/base
40c320cdbe68f17e75b952febd8d3a5ce724b710	refs/ghprsq/pr/1587/head
40d27f043459d7458ab6ac8c9451019cbb1f4758	refs/ghprsq/pr/1387/head
416b90ab0ef04baddbb18121ae1807e632e902c3	refs/ghprsq/pr/1597/head
416e7f65c6c9218619c9f5df7aefaeedb6ab1290	refs/ghprsq/pr/1480/result
416e7f65c6c9218619c9f5df7aefaeedb6ab1290	refs/ghprsq/pr/1483/base
42c52743377503566fc690c898e7ec7b3d9855f2	refs/ghprsq/pr/1139/base
44ad785831fd7ee5d81e230439eecc8330833fd3	refs/ghprsq/pr/1541/result
44ad785831fd7ee5d81e230439eecc8330833fd3	refs/ghprsq/pr/1543/base
4542a14d7e38bd8c52debe992dd4888255bd90ae	refs/ghprsq/pr/1290/head
4663b10d1b18f4c7cd7f828c9b831eb7394edf26	refs/ghprsq/pr/1173/head
468451e591f1aad604b7a10f6c2bf425868cccff	refs/ghprsq/pr/1388/head
46887ba9ebb1610468a5c221e649d36505a4eb4f	refs/ghprsq/pr/1179/head
46af68785e15b0156f0aa8340b8fce04d4423f50	refs/ghprsq/pr/1411/base
46af68785e15b0156f0aa8340b8fce04d4423f50	refs/ghprsq/pr/1416/result
47d4adfbf08fa1f03efcc8e90a8df2dbaa3ba006	refs/ghprsq/pr/1150/result
47d4adfbf08fa1f03efcc8e90a8df2dbaa3ba006	refs/ghprsq/pr/1151/base
47d799b5cef4f07009e2b71f2c2ef1d973dab5f6	refs/ghprsq/pr/1599/head
4819e7ee92ea5d6b371e2b85002c43ef1932b1cb	refs/ghprsq/pr/1180/head
488033fc7a73fc0cd37e84574e231a71c9393257	refs/ghprsq/pr/1445/head
48a60c65671b035a05d5832252415a1bcd3190dc	refs/ghprsq/pr/1318/head
48aa8c6d8bf13060f57c052344c0f6fbe960edc9	refs/ghprsq/pr/1561/head
48eea73c20ec3e6eaf8fde2b6049275a23a6fb55	refs/ghprsq/pr/1243/head
4a30ce5f0ab564b5198a0af8d1184365843a60e9	refs/ghprsq/pr/1219/head
4a464282baac9c74fbc3b70b77b7e2482b14db32	refs/ghprsq/pr/1174/head
4a68929c6e0b2cbbd28c1f018d64b2afee2c5c78	refs/ghprsq/pr/1161/head
4ab969543e1ee1df4923a36d51ea98c9b7345b9b	refs/ghprsq/pr/1594/base
4ab969543e1ee1df4923a36d51ea98c9b7345b9b	refs/ghprsq/pr/1598/result
4b81ea27b0c3147927bace49904038261087e039	refs/ghprsq/pr/1470/result
4b81ea27b0c3147927bace49904038261087e039	refs/ghprsq/pr/1471/base
4c3b18839812849eb3d365508bf57ac32790fe50	refs/ghprsq/pr/1576/head
4c8e04216007c4976d51577463c54239cc3b7e0c	refs/ghprsq/pr/1492/head
4cb173be55c077bf0bf54c4456a327637b0d0da7	refs/ghprsq/pr/1594/head
4cf7b571016370c6fbdb78d058a02fd55e71567f	refs/ghprsq/pr/1523/head
4db0dde9acdb376d1e203fc352d63e1fb275dec1	refs/ghprsq/pr/1607/head
4eabe04619b0c594eaa904ccfaa1562dd7713c14	refs/ghprsq/pr/1492/result
4eabe04619b0c594eaa904ccfaa1562dd7713c14	refs/ghprsq/pr/1495/base
4ecca3d4a856ce0b354b6a00d208d2734df27624	refs/ghprsq/pr/1253/base
5044d0270e360bfe819fd52cfeea136907fc579f	refs/ghprsq/pr/1582/base
50496457348360dddb52c6204fc0e5fdbf9961bc	refs/ghprsq/pr/1499/head
50c71cbcd484b7b5ba06f96cc90d01b494e53e85	refs/ghprsq/pr/1216/result
50c71cbcd484b7b5ba06f96cc90d01b494e53e85	refs/ghprsq/pr/1219/base
50d12daa53d67db3393e315efd5deabe624069db	refs/ghprsq/pr/1360/head
50d66df77c44a79b9e9a70fe2ed81c455632c92e	refs/ghprsq/pr/1293/base
50d66df77c44a79b9e9a70fe2ed81c455632c92e	refs/ghprsq/pr/1315/result
50f5c031615bed1485753bff6e1c16e85cef15df	refs/ghprsq/pr/1205/result
50f5c031615bed1485753bff6e1c16e85cef15df	refs/ghprsq/pr/1207/base
511e20aeb81495a41cdaeef2078ebb296ccaf2ef	refs/ghprsq/pr/1515/head
51429825f18e0d604265197879b897dad9c64907	refs/ghprsq/pr/1581/head
521b2cbc78799cc445fe605833ec77320ebee161	refs/ghprsq/pr/1583/head
53a8f98a1512bd04d0ed921dabcf77053847f0e6	refs/ghprsq/pr/1505/result
53a8f98a1512bd04d0ed921dabcf77053847f0e6	refs/ghprsq/pr/1506/base
53c1f042d655311d6232c44b14fe34528510c6f2	refs/ghprsq/pr/1519/result
53c1f042d655311d6232c44b14fe34528510c6f2	refs/ghprsq/pr/1520/base
53c97720568e04b3b3b53db0ba29a56b7b4576df	refs/ghprsq/pr/1457/head
54e6a12fe1be9b595e0330fd78a8354f8c5440c9	refs/ghprsq/pr/1474/result
55cfb158fa7db34a111f49f989d93f09691e76ca	refs/ghprsq/pr/1248/base
55cfb158fa7db34a111f49f989d93f09691e76ca	refs/ghprsq/pr/1250/result
564156aa7f87e8b947ccb124d479dfcf1d042efc	refs/ghprsq/pr/1585/base
564156aa7f87e8b947ccb124d479dfcf1d042efc	refs/ghprsq/pr/1587/result
5676d3dc03eb4b021591f166f8fd695f14928e42	refs/ghprsq/pr/1399/head
5763445afc330a953acea1f93484f035d88f885d	refs/ghprsq/pr/1244/result
5763445afc330a953acea1f93484f035d88f885d	refs/ghprsq/pr/1245/base
589b06cbd9641dc79cba657a3fb08e3a6ba69a33	refs/ghprsq/pr/1489/head
598f1a9d9e76855313ba0474c4081d041c6fa191	refs/ghprsq/pr/1473/base
59c429acf434642b55ac5bcee60d19514c7d92da	refs/ghprsq/pr/1178/head
59e134789f26d30da6e54eb76afb13cab2f94ce4	refs/ghprsq/pr/1519/head
5b3ea9336a15f461f907f25f03e7a40404525a77	refs/ghprsq/pr/1484/result
5b3ea9336a15f461f907f25f03e7a40404525a77	refs/ghprsq/pr/1486/base
5c700e089da1a9b9281d5d14e1e71bcb7d458a3e	refs/ghprsq/pr/1320/head
5e3544bf5db32ec285840a0016f40962acd0f761	refs/ghprsq/pr/1334/base
5e3544bf5db32ec285840a0016f40962acd0f761	refs/ghprsq/pr/1335/result
5e81a1ba5ab9c57c69cd7b01d239542c7f7544f2	refs/ghprsq/pr/1149/result
5e81a1ba5ab9c57c69cd7b01d239542c7f7544f2	refs/ghprsq/pr/1157/base
5ec7883cfa309883d0245bbc6e26d9c4ff0d105f	refs/ghprsq/pr/1338/result
5ec7883cfa309883d0245bbc6e26d9c4ff0d105f	refs/ghprsq/pr/1339/base
5ef1a5f5f0cc6667400e01e808c125171ccf3ddc	refs/ghprsq/pr/1328/result
5ef1a5f5f0cc6667400e01e808c125171ccf3ddc	refs/ghprsq/pr/1335/base
5f5fc53cb794b1d62ff6ae4647eac441eccdc90e	refs/ghprsq/pr/1333/result
5f5fc53cb794b1d62ff6ae4647eac441eccdc90e	refs/ghprsq/pr/1337/base
606e12fb6a5e3dee24c4cd300b8962413a2854c6	refs/ghprsq/pr/1218/result
606e12fb6a5e3dee24c4cd300b8962413a2854c6	refs/ghprsq/pr/1233/base
6191d6a10ff4ee73779b04147633a586c9a75546	refs/ghprsq/pr/1292/head
6226dd5042fd8fdd99e2a189e2809577d561c7cc	refs/ghprsq/pr/1233/head
622e0b1bd0c65b249d71a171a90ba35b30a23eec	refs/ghprsq/pr/1140/result
63a4dba7201d27a35048b3c2936b655a68dc0e2c	refs/ghprsq/pr/1339/result
63a4dba7201d27a35048b3c2936b655a68dc0e2c	refs/ghprsq/pr/1347/base
642a8ddbc5e38b0ac15387ab078f7a8efd6b309a	refs/ghprsq/pr/1139/result
642a8ddbc5e38b0ac15387ab078f7a8efd6b309a	refs/ghprsq/pr/1140/base
662044e31e1a4fe69ffccc2de75dc1767cf2d356	refs/ghprsq/pr/1190/head
66460f9ad068f123579074225bb043952ea57f9d	refs/ghprsq/pr/1394/head
665c9c11e1b740ca5b3c0b7ef6ed4f995a03f420	refs/ghprsq/pr/1275/head
66778126826b54b0b3ab11b13e5c3d6d16d9034b	refs/ghprsq/pr/1206/base
66f5a7b9ce10b241c56becf4516ab099146798c9	refs/ghprsq/pr/1152/head
66fc2b72eaaa9b7120f228a982118bccba31b2ed	refs/ghprsq/pr/1244/head
67ef406a8d2c56c66c72997aec8f8bec141827d2	refs/ghprsq/pr/1164/head
681b972d9c69aea66ff4247e723944e06f97b306	refs/ghprsq/pr/1176/base
681b972d9c69aea66ff4247e723944e06f97b306	refs/ghprsq/pr/1181/result
68574e023f7b36565fd970af53ba1350e7f944c1	refs/ghprsq/pr/1214/head
689c4addfc5aa649e4f7df705e5d8f983199322c	refs/ghprsq/pr/1162/head
68e0fa0a9908128988f49f2539c9a33a5c0fbec4	refs/ghprsq/pr/1542/result
68eab84f229712c964f910e2d2cac2d814cff092	refs/ghprsq/pr/1393/head
691f4a2000fee4be8de74f1b90da4c5e3ecfadf4	refs/ghprsq/pr/1473/result
698c3fd2c4ab3ce61249cab5733dbf03ac6f5cab	refs/ghprsq/pr/1541/head
698d4f8afa4880f16ebb03586f086318f691d92e	refs/ghprsq/pr/1479/result
698d4f8afa4880f16ebb03586f086318f691d92e	refs/ghprsq/pr/1481/base
6cd0e67129ab59a4293be9d470eeaf6ae83ca0de	refs/ghprsq/pr/1582/head
6e03527395ebadf51db57a9304c86f18cd5ba367	refs/ghprsq/pr/1154/head
6ec0cf12269d04ffa462e97dc2fc3a364ad3c947	refs/ghprsq/pr/1485/head
6eda3dd0c99aa613bda729e59417d1e273e65f9f	refs/ghprsq/pr/1277/result
6eda3dd0c99aa613bda729e59417d1e273e65f9f	refs/ghprsq/pr/1279/base
6f8baee2e540f6a3e70a263ffe1363d8066d8147	refs/ghprsq/pr/1186/base
6f8baee2e540f6a3e70a263ffe1363d8066d8147	refs/ghprsq/pr/1188/result
6fd9d4489c57f5919baf97da40385da346de4dd7	refs/ghprsq/pr/1174/result
6fd9d4489c57f5919baf97da40385da346de4dd7	refs/ghprsq/pr/1183/base
6ff8ebffba22f4ad014018703079eaf9d5e960c9	refs/ghprsq/pr/1245/head
7040de07189a8df6bdf0f406fc90e7c9d1bcadfe	refs/ghprsq/pr/1488/head
712cb77fc41f26a5ccb97327902ef3ae67afb113	refs/ghprsq/pr/1352/head
71396ceb8fb30b69d9738478e46bf6d90ade0dfa	refs/ghprsq/pr/1215/head
728a69ee0ceded671a770ee9d1e62c163dce58b5	refs/ghprsq/pr/1474/head
72eef9432ce325701d0f2e471dff76eaea2aa1c3	refs/ghprsq/pr/1513/head
72efa6d3af230c9c0892754ea5e97c6dd4116c0d	refs/ghprsq/pr/1167/result
72efa6d3af230c9c0892754ea5e97c6dd4116c0d	refs/ghprsq/pr/1173/base
739f3aa64e8baf3e226165496c784e05759d2471	refs/ghprsq/pr/1472/result
739f3aa64e8baf3e226165496c784e05759d2471	refs/ghprsq/pr/1474/base
73dee22e6ab4cb60a83615b5ee5bd63e56c17c4b	refs/ghprsq/pr/1453/head
73e2b4fb7fe4faab28110ef5db3b674e517be67b	refs/ghprsq/pr/1161/result
73e2b4fb7fe4faab28110ef5db3b674e517be67b	refs/ghprsq/pr/1167/base
753d42d782f72b209a1bbac9e550dcc7555c9543	refs/ghprsq/pr/1253/head
754f97a139b33841eacc1e57e56ca80b8daf1304	refs/ghprsq/pr/1591/head
755e8dc590844601b7b0f08b6691148030e4ef02	refs/ghprsq/pr/1590/head
75d552ca09ebe044a5d46d0f937eafc88a9fa4cf	refs/ghprsq/pr/1585/head
76975c9d6c0ef5dcb9755457f4a735c1596c6dce	refs/ghprsq/pr/1217/head
76ba58511a8f36d0f5ad910d105419cb77111076	refs/ghprsq/pr/1481/head
775f786eb5a31793781bf7297a7652cbaf8725f8	refs/ghprsq/pr/1321/result
775f786eb5a31793781bf7297a7652cbaf8725f8	refs/ghprsq/pr/1326/base
77630a1609093ff4e717dddcb6e247335c8f3be0	refs/ghprsq/pr/1334/head
7843a311ec7d1e2254eaf1b0b41a9e3e836f75d2	refs/ghprsq/pr/1604/head
79573bbee4a4a19396fe67642979739293104d6f	refs/ghprsq/pr/1560/head
7afa06ca9d429dd4c2c8beaaf9c1bc8272cbbded	refs/ghprsq/pr/1285/head
7c33464262cd0b30ae22bc60fbde181ac4d09294	refs/ghprsq/pr/1186/head
7c603768883e820fba224f1d763c9024b8a3589d	refs/ghprsq/pr/1591/base
7c603768883e820fba224f1d763c9024b8a3589d	refs/ghprsq/pr/1593/result
7ca6ccdb54eb1001377348c876d75232367b522c	refs/ghprsq/pr/1313/head
7d6a1e7e57bd06ee46a46147172636d6ac04080f	refs/ghprsq/pr/1500/head
7d7d27d39dfbc60d10448f833c097194dff26aa5	refs/ghprsq/pr/1487/result
7d7d27d39dfbc60d10448f833c097194dff26aa5	refs/ghprsq/pr/1488/base
7dd372d09e7e2424be8863ffd9191a8a89ca24be	refs/ghprsq/pr/1149/head
7dd7910e6f5df4f3827263c43f4f9e83b7ae6380	refs/ghprsq/pr/1455/result
7dd7910e6f5df4f3827263c43f4f9e83b7ae6380	refs/ghprsq/pr/1456/base
7ddb459addef5d6d61206852cdd332dc0d81704b	refs/ghprsq/pr/1550/head
7e0e969ce0f8a318d78e8f30b62145f79dc9c174	refs/ghprsq/pr/1359/result
7e0e969ce0f8a318d78e8f30b62145f79dc9c174	refs/ghprsq/pr/1361/base
7f00706392878ebbadb71a6163cc34ce4ec8ffe2	refs/ghprsq/pr/1521/head
7f1746a2dc8d19a115c46160dbf57c725c30f9f6	refs/ghprsq/pr/1293/result
7f1746a2dc8d19a115c46160dbf57c725c30f9f6	refs/ghprsq/pr/1316/base
7f2013a498fdd71528a6997080eb053f96f017a4	refs/ghprsq/pr/1283/result
7f2013a498fdd71528a6997080eb053f96f017a4	refs/ghprsq/pr/1284/base
7fcb46a9350840d4bb4ffd18e26f3c32eccb5ddf	refs/ghprsq/pr/1384/base
7fcb46a9350840d4bb4ffd18e26f3c32eccb5ddf	refs/ghprsq/pr/1388/result
80aa79554399a0d4a293a9f1ad7e20f0df32f69b	refs/ghprsq/pr/1285/result
80aa79554399a0d4a293a9f1ad7e20f0df32f69b	refs/ghprsq/pr/1318/base
8109fe415d5169d8cefbbedab75f3ee1011a3989	refs/ghprsq/pr/1477/head
81af31ced1f9a365c4213ed7cee0fc848dc9563c	refs/ghprsq/pr/1167/head
83a1fcc9013a24b7c4e2e33ef561870b7df2cecf	refs/ghprsq/pr/1196/head
83e502c0b334a444603414ca33b16f75ab85ad21	refs/ghprsq/pr/1455/head
8447b0813990a29e697054f5605369a7aeeef7c1	refs/ghprsq/pr/1484/head
84e02662f820df8b713ac84891b1e8aa98c00cbc	refs/ghprsq/pr/1250/head
852babdd62c2445550ab08fed559171824f5c46f	refs/ghprsq/pr/1159/head
852f084f21fbfb19f3eca2019451d172ce112b1f	refs/ghprsq/pr/1183/head
85fac038fd27927d33a34d03dd0920a8ae34bab1	refs/ghprsq/pr/1252/base
85fac038fd27927d33a34d03dd0920a8ae34bab1	refs/ghprsq/pr/1253/result
8630852416d4a30618948a8aeed4c761177ef385	refs/ghprsq/pr/1146/base
8630852416d4a30618948a8aeed4c761177ef385	refs/ghprsq/pr/1151/result
8644ad4b524429e02835843ebcf3498ffd7d4dd6	refs/ghprsq/pr/1480/base
8644ad4b524429e02835843ebcf3498ffd7d4dd6	refs/ghprsq/pr/1481/result
864e440170c7287a958f8f60904381c898fab4a9	refs/ghprsq/pr/1580/base
86693ee5c1579449f078e8f358e4cb09674b66cd	refs/ghprsq/pr/1472/head
86ad373c7479c4341bc1cf289ad92aee5ce39f8e	refs/ghprsq/pr/1387/result
86ad373c7479c4341bc1cf289ad92aee5ce39f8e	refs/ghprsq/pr/1399/base
87d3545152649c45ba404cf6ec97cbe16349d362	refs/ghprsq/pr/1182/head
883e562ae433dd9b7bf4e69f2a27dfa76eae47d8	refs/ghprsq/pr/1204/head
894b6fa09e6cd4481350913356449b97cdbc7542	refs/ghprsq/pr/1328/base
894b6fa09e6cd4481350913356449b97cdbc7542	refs/ghprsq/pr/1329/result
8aaf6d57ae47286ebb6ff75c59a205cd1b374a8d	refs/ghprsq/pr/1470/head
8b05d740637ba55c3a014a7fe0223d250512f3f5	refs/ghprsq/pr/1135/head
8b29122f920756d1e748cdba7c9aa210ef0bb2b9	refs/ghprsq/pr/1543/head
8c66c622b148fe418758211fa530efd5e28da43c	refs/ghprsq/pr/1457/result
8c66c622b148fe418758211fa530efd5e28da43c	refs/ghprsq/pr/1469/base
8c6771f836cd41853aca4b643a1aa11fb5a34f19	refs/ghprsq/pr/1390/result
8c6771f836cd41853aca4b643a1aa11fb5a34f19	refs/ghprsq/pr/1401/base
8d4a6e03e4b34817a8508242f7ffa166862968cf	refs/ghprsq/pr/1488/result
8d4a6e03e4b34817a8508242f7ffa166862968cf	refs/ghprsq/pr/1489/base
8e9f179b23a513c2e715c4c53bcb4cf3db474dec	refs/ghprsq/pr/1552/base
8e9f179b23a513c2e715c4c53bcb4cf3db474dec	refs/ghprsq/pr/1554/result
8ec6000e56559603c0a933a036c175e057a45b04	refs/ghprsq/pr/1214/result
8ec6000e56559603c0a933a036c175e057a45b04	refs/ghprsq/pr/1216/base
8ec94d9011cc7cb2a46febe72043a0e9d785c3f8	refs/ghprsq/pr/1189/base
8ec94d9011cc7cb2a46febe72043a0e9d785c3f8	refs/ghprsq/pr/1190/result
8f51de60c4675912b966cc2bcc1ae0200822ef6b	refs/ghprsq/pr/1432/result
8f51de60c4675912b966cc2bcc1ae0200822ef6b	refs/ghprsq/pr/1455/base
900cd224ca9f904bfe003e33377c71513b812076	refs/ghprsq/pr/1578/base
9011d794e331a110a887d55b6f512bdb17256dcb	refs/ghprsq/pr/1177/head
9055e912099bdd6cd31ffc6b3583813cc56c12ae	refs/ghprsq/pr/1238/head
9073318944af0d62434d17ec67654a734a084622	refs/ghprsq/pr/1469/result
9073318944af0d62434d17ec67654a734a084622	refs/ghprsq/pr/1470/base
90d6a14a352507f273c961c5bf00ce12509942f1	refs/ghprsq/pr/1575/head
927d1b0aff43c43e387e6aa7a7e76ace33f17c0a	refs/ghprsq/pr/1586/result
927d1b0aff43c43e387e6aa7a7e76ace33f17c0a	refs/ghprsq/pr/1593/base
937e78ff0113def29532f7a9fe1480ae17e42034	refs/ghprsq/pr/1231/head
93893a7c0e86aa8d957ad05f6039ad3b656aee94	refs/ghprsq/pr/1386/result
93893a7c0e86aa8d957ad05f6039ad3b656aee94	refs/ghprsq/pr/1393/base
94afa21ada538716b4342e7691cead450518edb4	refs/ghprsq/pr/1158/head
950f8d91c2076efd3946309449b00a9c370bf0fb	refs/ghprsq/pr/1578/result
953a07171d9996d88149c3b3660349320308cb38	refs/ghprsq/pr/1232/result
953a07171d9996d88149c3b3660349320308cb38	refs/ghprsq/pr/1235/base
96a555a3bb4b4d8d1d22cfcb7df9990f949cd207	refs/ghprsq/pr/1234/head
97933b5dcbde454e4a72d356e5ece7ec1a57427d	refs/ghprsq/pr/1230/head
97973ca0be450bafef2846578ed24aa2707c6963	refs/ghprsq/pr/1135/base
97973ca0be450bafef2846578ed24aa2707c6963	refs/ghprsq/pr/1138/result
97cc17f3daa780b07268ec6898478b5d0606ee6a	refs/ghprsq/pr/1521/base
97cc17f3daa780b07268ec6898478b5d0606ee6a	refs/ghprsq/pr/1522/result
9858f554cbe6f2adf1957dabb782b5405b80d50d	refs/ghprsq/pr/1520/result
9858f554cbe6f2adf1957dabb782b5405b80d50d	refs/ghprsq/pr/1522/base
98cb70fb9d0e5978c7d2df6c8633718de4c10963	refs/ghprsq/pr/1391/head
9a215eee4591a1a055ff34d5cc8b07389c29c7c0	refs/ghprsq/pr/1170/result
9ac506a681b99297df74b2c48539b996dfdd3e01	refs/ghprsq/pr/1584/head
9ae3e805ab1a0943fc05fc15eb972dc439e4c2fb	refs/ghprsq/pr/1179/result
9ae3e805ab1a0943fc05fc15eb972dc439e4c2fb	refs/ghprsq/pr/1187/base
9b022e0b4851932858cd19a3c752c5340537ffe2	refs/ghprsq/pr/1137/result
9b022e0b4851932858cd19a3c752c5340537ffe2	refs/ghprsq/pr/1138/base
9b154059ff8cc74ef42378fd513592cdd7d2d6d9	refs/ghprsq/pr/1186/result
9b154059ff8cc74ef42378fd513592cdd7d2d6d9	refs/ghprsq/pr/1190/base
9bff829f5480d8f948193fb18e33eff715acecf9	refs/ghprsq/pr/1157/result
9bff829f5480d8f948193fb18e33eff715acecf9	refs/ghprsq/pr/1159/base
9d2a55b30bd5183cc3a69a6cf99ae76835c3b76b	refs/ghprsq/pr/1165/base
9d2a55b30bd5183cc3a69a6cf99ae76835c3b76b	refs/ghprsq/pr/1173/result
9e766339e989f5a3c99f4e8274c377348759c3d8	refs/ghprsq/pr/1157/head
9e7bc08dc6afc22ab1e5258c646d84cff7002321	refs/ghprsq/pr/1595/result
9e7bc08dc6afc22ab1e5258c646d84cff7002321	refs/ghprsq/pr/1598/base
9ed276994c323e41bbc10211117d7de5fae12ffb	refs/ghprsq/pr/1496/result
9ed276994c323e41bbc10211117d7de5fae12ffb	refs/ghprsq/pr/1502/base
9edb97a37abdc16c61cd8bc0a0caf7b929bfb217	refs/ghprsq/pr/1553/head
9ef55691a71dbf481457b7f35019f05d14baa4b3	refs/ghprsq/pr/1453/result
9ef55691a71dbf481457b7f35019f05d14baa4b3	refs/ghprsq/pr/1454/base
9f1089d1507e8ea1a93e77b273085d84af62b0a9	refs/ghprsq/pr/1140/head
9f4e07a82a2e92a173a7c3fd098b27d3425ea79a	refs/ghprsq/pr/1329/head
a108e2ade9d4cb452c0822134b5af17add051f0e	refs/ghprsq/pr/1500/result
a108e2ade9d4cb452c0822134b5af17add051f0e	refs/ghprsq/pr/1504/base
a17a3b308477909dc791a8c7a474abc0170b3f6d	refs/ghprsq/pr/1326/result
a17a3b308477909dc791a8c7a474abc0170b3f6d	refs/ghprsq/pr/1329/base
a2a520fc5c41ea195e1eaa1105f87e2b03d8ad84	refs/ghprsq/pr/1338/head
a2f86739f703c15d27348768332e7c6ecb66bc33	refs/ghprsq/pr/1281/result
a2f86739f703c15d27348768332e7c6ecb66bc33	refs/ghprsq/pr/1282/base
a3997ef31aa1b71f6972e7822b075f21a9eccaa9	refs/ghprsq/pr/1229/head
a506c4710aa3ece7b18080251c125c16d5f05036	refs/ghprsq/pr/1146/head
a57079e9b60854541ff4aa15c08fefc28005887f	refs/ghprsq/pr/1289/result
a57079e9b60854541ff4aa15c08fefc28005887f	refs/ghprsq/pr/1290/base
a6f622b314eebaa478d04ec34e7d4f3dbff3dd5b	refs/ghprsq/pr/1502/head
a72b20f76efa2c18350a9fd8429454a0e95135df	refs/ghprsq/pr/1206/result
a72b20f76efa2c18350a9fd8429454a0e95135df	refs/ghprsq/pr/1213/base
a76280dcfdc024ab754018ed37af8efd4949895d	refs/ghprsq/pr/1495/head
a7df43af3476e8dfc427b05ce235342c8ed70ddf	refs/ghprsq/pr/1176/result
a7df43af3476e8dfc427b05ce235342c8ed70ddf	refs/ghprsq/pr/1184/base
a81227342cdfef8a770147416692414a4a9ed444	refs/ghprsq/pr/1545/result
a81227342cdfef8a770147416692414a4a9ed444	refs/ghprsq/pr/1547/base
a9665b33221480920a98650b4030d2e20673c58d	refs/ghprsq/pr/1240/result
a9665b33221480920a98650b4030d2e20673c58d	refs/ghprsq/pr/1241/base
a9e781cd4e291e487eaaad7787e01d5c053954f8	refs/ghprsq/pr/1196/result
a9e781cd4e291e487eaaad7787e01d5c053954f8	refs/ghprsq/pr/1205/base
ab05354af309e1dd24d520198e77c401ba783ee0	refs/ghprsq/pr/1160/result
ab05354af309e1dd24d520198e77c401ba783ee0	refs/ghprsq/pr/1163/base
ab4e3a32541c1f532d65277671240b7ab32fcbb8	refs/ghprsq/pr/1165/result
ab4e3a32541c1f532d65277671240b7ab32fcbb8	refs/ghprsq/pr/1168/base
abeb831f4024cbb3cbfbf9fb8a78030453dbfcd1	refs/ghprsq/pr/1432/base
abeb831f4024cbb3cbfbf9fb8a78030453dbfcd1	refs/ghprsq/pr/1445/result
ac37ae6543b1686f48b6734429cd4e2022d79cfe	refs/ghprsq/pr/1560/result
ac37ae6543b1686f48b6734429cd4e2022d79cfe	refs/ghprsq/pr/1561/base
ac4d9d6686d26f16d44ce6092b25712e74eeecb7	refs/ghprsq/pr/1178/base
ac4d9d6686d26f16d44ce6092b25712e74eeecb7	refs/ghprsq/pr/1183/result
ac882dd56364a27caf393ba80939a507ba0e663e	refs/ghprsq/pr/1180/result
ac882dd56364a27caf393ba80939a507ba0e663e	refs/ghprsq/pr/1182/base
adbbd3b7d73936a97a5b296eb354c1da8f0efb5f	refs/ghprsq/pr/1456/head
af758a75e41eefc00d370e93f413acd9934867da	refs/ghprsq/pr/1219/result
af758a75e41eefc00d370e93f413acd9934867da	refs/ghprsq/pr/1228/base
af86fe3a1844b6e3896f2449c050dc39c34639f8	refs/ghprsq/pr/1184/head
af95e6819db06f961a7c401d1f1687cee901a2ae	refs/ghprsq/pr/1387/base
af95e6819db06f961a7c401d1f1687cee901a2ae	refs/ghprsq/pr/1393/result
b0904a9bb1a4f169de6747be6f2942243ff191e5	refs/ghprsq/pr/1545/head
b0d616a9b37c8c252e92cc28cd01f2dd71aa2931	refs/ghprsq/pr/1332/base
b0d616a9b37c8c252e92cc28cd01f2dd71aa2931	refs/ghprsq/pr/1356/result
b0fa88eab1f70b44ec9b6a426d805d07d20a3a8c	refs/ghprsq/pr/1158/result
b0fa88eab1f70b44ec9b6a426d805d07d20a3a8c	refs/ghprsq/pr/1162/base
b18fda3bd814f598256ecc854fdac72a15cffa57	refs/ghprsq/pr/1394/result
b18fda3bd814f598256ecc854fdac72a15cffa57	refs/ghprsq/pr/1412/base
b1cde2c0e9de290b13f90a860c1fb2d2ee57b74e	refs/ghprsq/pr/1548/base
b1cde2c0e9de290b13f90a860c1fb2d2ee57b74e	refs/ghprsq/pr/1574/result
b1d3b97306ded210a2e0d895e471336fd241eb5c	refs/ghprsq/pr/1580/head
b1fd9fecde0f7b9f0d7f1ca434ecdde37e652261	refs/ghprsq/pr/1187/head
b28373a769d25b2f96a6f98e414f763fc564585a	refs/ghprsq/pr/1457/base
b341eca3496638d1fc770047ff5402e681153f6e	refs/ghprsq/pr/1469/head
b4166cae0c03a2cfda6a47ad90fff2ba52d22bf6	refs/ghprsq/pr/1598/head
b4b4a165ca982b4a1b6047fec101ad14ec272ce5	refs/ghprsq/pr/1232/base
b4b4a165ca982b4a1b6047fec101ad14ec272ce5	refs/ghprsq/pr/1234/result
b4eee7fdc34a931e3b0a956db8744b01e8aeb30c	refs/ghprsq/pr/1487/head
b4feca4cd09334c3cc3ed8048dfb6024c98808e1	refs/ghprsq/pr/1401/head
b503feda2ac7f502de96f53ef16fa72c7304644c	refs/ghprsq/pr/1395/head
b507af17fbeed9d57af3bd2b4e6e8061afb4a99d	refs/ghprsq/pr/1490/head
b5b0846bd4f1a590b907f9944bdbd1c5ea95bb65	refs/ghprsq/pr/1281/head
b61d0f697f3dcb600de2809cc986662924050ef8	refs/ghprsq/pr/1499/base
b65cf6670d156af71ab20315e13121ef91b1257f	refs/ghprsq/pr/1170/base
b6f8c3205d92992555983e1ba31e5049b8d4a088	refs/ghprsq/pr/1263/result
b6f8c3205d92992555983e1ba31e5049b8d4a088	refs/ghprsq/pr/1275/base
b73833ccc7d99d07250ba57e5ffdfff4da50b276	refs/ghprsq/pr/1249/result
b73833ccc7d99d07250ba57e5ffdfff4da50b276	refs/ghprsq/pr/1251/base
b74d4fcc0edb9a1470eb9ca4e80d3f19632adb55	refs/ghprsq/pr/1205/head
b7acf5d95e27546c4e163edf051bc5cf6c0b475e	refs/ghprsq/pr/1175/result
b7acf5d95e27546c4e163edf051bc5cf6c0b475e	refs/ghprsq/pr/1180/base
b7e40ad944d30aa792ad2e3534bb78672f48141e	refs/ghprsq/pr/1176/head
b87b3af7c9cdc0182dcb77a3224627f098631b8f	refs/ghprsq/pr/1574/head
b8a4fa54971f79838665ac4b55a8d0e59c35d671	refs/ghprsq/pr/1241/result
b8a4fa54971f79838665ac4b55a8d0e59c35d671	refs/ghprsq/pr/1243/base
b8d5d9a702620177cc8c24380258b6394ad5ec0e	refs/ghprsq/pr/1549/result
b8d5d9a702620177cc8c24380258b6394ad5ec0e	refs/ghprsq/pr/1553/base
b99042eaaef33f8efb29e27086784a572c1dc112	refs/ghprsq/pr/1477/result
b99042eaaef33f8efb29e27086784a572c1dc112	refs/ghprsq/pr/1479/base
ba2484880142856ea59292d0b10adf01dcd575fa	refs/ghprsq/pr/1276/base
ba2484880142856ea59292d0b10adf01dcd575fa	refs/ghprsq/pr/1279/result
bbab327ef2f5c99624235fcb48f2d448174f254b	refs/ghprsq/pr/1238/base
bbf623201012150c2008da9d164b1514628da41a	refs/ghprsq/pr/1353/head
bc55433acdfb5a6c5a879e7649c548f84f911674	refs/ghprsq/pr/1606/result
bc55433acdfb5a6c5a879e7649c548f84f911674	refs/ghprsq/pr/1607/base
bca4e18e763e1a33a11dde349fd59bff447f72a3	refs/ghprsq/pr/1569/base
bcea4d9c8af7deb9fa8fee4bd394b7b229faf83e	refs/ghprsq/pr/1352/result
bcea4d9c8af7deb9fa8fee4bd394b7b229faf83e	refs/ghprsq/pr/1353/base
bcfc57d26e5a3cd2391fd70067b321a6b0d6275f	refs/ghprsq/pr/1471/head
bd716f6fa0287053294ce5354492a30c5f43b2fb	refs/ghprsq/pr/1540/result
bd716f6fa0287053294ce5354492a30c5f43b2fb	refs/ghprsq/pr/1541/base
bdcc5d2655ca934a5a5d6ff7b3f60e1693a152fe	refs/ghprsq/pr/1163/result
bdcc5d2655ca934a5a5d6ff7b3f60e1693a152fe	refs/ghprsq/pr/1164/base
bec3036cb3a52b17a281decf494a4d340cee643b	refs/ghprsq/pr/1160/head
bf68ba2a10a900ad8ab59747f0f4e231be12ceec	refs/ghprsq/pr/1412/result
bf68ba2a10a900ad8ab59747f0f4e231be12ceec	refs/ghprsq/pr/1416/base
bfb7a748c5daa158e57f3315d252a599bb39ebe0	refs/ghprsq/pr/1550/result
c0384bb6dc278a2ad84516221548835b5828f03b	refs/ghprsq/pr/1198/base
c0384bb6dc278a2ad84516221548835b5828f03b	refs/ghprsq/pr/1204/result
c09f551ca2f24f4aa7620a5e136700a053330662	refs/ghprsq/pr/1177/base
c09f551ca2f24f4aa7620a5e136700a053330662	refs/ghprsq/pr/1178/result
c15a238c3d7d874f44135378173bf20227b0a547	refs/ghprsq/pr/1276/result
c15a238c3d7d874f44135378173bf20227b0a547	refs/ghprsq/pr/1283/base
c2a3588adc1aed5b8dcc4c5e6eaf089383e37044	refs/ghprsq/pr/1179/base
c2a3588adc1aed5b8dcc4c5e6eaf089383e37044	refs/ghprsq/pr/1185/result
c3175b4c11a7f320704b25a70c87258c66d0d85f	refs/ghprsq/pr/1495/result
c3175b4c11a7f320704b25a70c87258c66d0d85f	refs/ghprsq/pr/1497/base
c36f957dea5559c0b03c13920af0bc2399f37b9c	refs/ghprsq/pr/1189/head
c3ae4b8b2870818160976b7ef0945508fb29a363	refs/ghprsq/pr/1317/head
c3b0bc33ba0bd44f9e74cc109ce5133b66a1fa45	refs/ghprsq/pr/1494/base
c3b0bc33ba0bd44f9e74cc109ce5133b66a1fa45	refs/ghprsq/pr/1497/result
c3c633767a1727857c739d0054ee1cac8e46bb27	refs/ghprsq/pr/1513/result
c3c633767a1727857c739d0054ee1cac8e46bb27	refs/ghprsq/pr/1514/base
c422528a986ec2d361face191c98e0ee180ba20b	refs/ghprsq/pr/1248/result
c422528a986ec2d361face191c98e0ee180ba20b	refs/ghprsq/pr/1249/base
c46e1efb4e0896100c821b83dc22db15f55ec21f	refs/ghprsq/pr/1235/head
c4bbc5e98394ab925e22500eb78e9a1b5f56620c	refs/ghprsq/pr/1286/head
c5e38958c2db2ad94e84bb136967b9620b5c61e5	refs/ghprsq/pr/1390/head
c5e80d78bdbbe9f0ec37f6342e967972157b78d3	refs/ghprsq/pr/1479/head
c68e4342317eccf5e26c2edf3086f5af2efa5838	refs/ghprsq/pr/1170/head
c696c54fed7d50543d436367e98d4727aff4cef4	refs/ghprsq/pr/1588/result
c696c54fed7d50543d436367e98d4727aff4cef4	refs/ghprsq/pr/1590/base
c6bf631efc4960dd81950c6ddead2c2b4741d94f	refs/ghprsq/pr/1504/result
c6bf631efc4960dd81950c6ddead2c2b4741d94f	refs/ghprsq/pr/1505/base
c72cc4d4514e1bff31fc27d77088ccb74fedfc50	refs/ghprsq/pr/1370/head
c7308e42b34181434a683f05079141a4b28cf900	refs/ghprsq/pr/1396/base
c7308e42b34181434a683f05079141a4b28cf900	refs/ghprsq/pr/1399/result
c7671a1f1f8ecd4aa093234b42a8741df7cba83a	refs/ghprsq/pr/1496/head
c7a50693fdb63e1765cac1e1f28fdc0f6ed5b353	refs/ghprsq/pr/1139/head
c7ac5d117063c93bb87e1202447bcb825222d4f3	refs/ghprsq/pr/1284/result
c7ac5d117063c93bb87e1202447bcb825222d4f3	refs/ghprsq/pr/1286/base
c7fbcf55ec105c581f1d5a13cb182b537abceec5	refs/ghprsq/pr/1581/base
c81e3149570da70eb21109f6ee2ac4678d236958	refs/ghprsq/pr/1512/head
c861a1d7e12d0bf59b66821dd04b59fee3c5bcd6	refs/ghprsq/pr/1575/result
c9518a12eebee5136102d103e3815963e332d9e5	refs/ghprsq/pr/1507/result
c9518a12eebee5136102d103e3815963e332d9e5	refs/ghprsq/pr/1513/base
c95df3c9d30a1c0a852c3e84fe5a356bcc6cbb4f	refs/ghprsq/pr/1196/base
c95df3c9d30a1c0a852c3e84fe5a356bcc6cbb4f	refs/ghprsq/pr/1198/result
c9947872f322707d36492210b25bbe307bbeb46c	refs/ghprsq/pr/1242/base
c9947872f322707d36492210b25bbe307bbeb46c	refs/ghprsq/pr/1243/result
c9d64ad21c401a98a59999fe904425bd5e91a7dd	refs/ghprsq/pr/1378/head
ca7654bf8cf68ea2858fff445d00b357f2b509da	refs/ghprsq/pr/1604/result
ca7654bf8cf68ea2858fff445d00b357f2b509da	refs/ghprsq/pr/1606/base
cacd956646ba6e5dd5dd05dfa633b209cf6ad84a	refs/ghprsq/pr/1134/base
cb0145a956aa2bf058b0e4b1420fddf3e5e7338f	refs/ghprsq/pr/1561/result
cc95f74322ae65f3fc3c452e97d92c72abc3e9ba	refs/ghprsq/pr/1542/base
cc95f74322ae65f3fc3c452e97d92c72abc3e9ba	refs/ghprsq/pr/1543/result
cd6c986afef1acc3019ab4def0c58749886b497e	refs/ghprsq/pr/1151/head
cd88cf6e92dd296694ef5bbdb87b7be1a995e4e8	refs/ghprsq/pr/1514/result
cd88cf6e92dd296694ef5bbdb87b7be1a995e4e8	refs/ghprsq/pr/1519/base
ce884d98245a5d03cf2808882540128e4b8b6448	refs/ghprsq/pr/1400/base
ce884d98245a5d03cf2808882540128e4b8b6448	refs/ghprsq/pr/1431/result
cf0a3d74afac662fc790d6eaab9a5e767e6a742a	refs/ghprsq/pr/1134/head
cf3d088c1db24b2e71cd4f77ce24266c4207d744	refs/ghprsq/pr/1483/result
cf3d088c1db24b2e71cd4f77ce24266c4207d744	refs/ghprsq/pr/1484/base
d020da3fc959bf3ec55df95f0174fc0f5ebd2a78	refs/ghprsq/pr/1485/base
d020da3fc959bf3ec55df95f0174fc0f5ebd2a78	refs/ghprsq/pr/1486/result
d08d50e6bd5a46a2601db19f1768633eff1d345b	refs/ghprsq/pr/1137/head
d47da17691e57d0bfc448473ee2df91a78cd6df1	refs/ghprsq/pr/1228/result
d47da17691e57d0bfc448473ee2df91a78cd6df1	refs/ghprsq/pr/1229/base
d4cc7d8236fd1011253664a1fbf77166a89314a6	refs/ghprsq/pr/1138/head
d5bbaf1f3f92aacca0b7e3c4c91e71fb0bbc9858	refs/ghprsq/pr/1581/result
d5bbaf1f3f92aacca0b7e3c4c91e71fb0bbc9858	refs/ghprsq/pr/1583/base
d6a613265888b77a64ca745b0d5a0f1a2d643e98	refs/ghprsq/pr/1147/result
d6a613265888b77a64ca745b0d5a0f1a2d643e98	refs/ghprsq/pr/1152/base
d6ac53d5dfe3b2040cdcb75d6e4df8557a9243d7	refs/ghprsq/pr/1277/base
d6ac53d5dfe3b2040cdcb75d6e4df8557a9243d7	refs/ghprsq/pr/1282/result
d6f38c4fcf59a7884b649e0553d9b8cf08b3ee5c	refs/ghprsq/pr/1378/result
d6f38c4fcf59a7884b649e0553d9b8cf08b3ee5c	refs/ghprsq/pr/1382/base
d76016913b5c3f26266a38505530f87ba716e658	refs/ghprsq/pr/1288/head
d89091754ac63d65e0e87c119db87ef9ad1c3f8d	refs/ghprsq/pr/1361/head
d892d277a03dea48b7b30493570d28a276740495	refs/ghprsq/pr/1333/head
d9ce8dfb3ed9899e9ea483f8c83201ed3046331a	refs/ghprsq/pr/1356/head
d9f3476774157ede339f726fd264bfa770d1e999	refs/ghprsq/pr/1242/head
da57ed00abe5fd71a5d1ac4b4b35c9cd67ea1cdb	refs/ghprsq/pr/1384/head
da9a3e9d13ec982d81d9d1fb70d786aab05769dd	refs/ghprsq/pr/1578/head
daba487d426de616584d2a953e6e6aba90c43aee	refs/ghprsq/pr/1288/result
db2d4b72e133555199d37e5774f686c4dd129def	refs/ghprsq/pr/1165/head
db46dada4dbcaa54c8fe45b51a5dbdd485ebf294	refs/ghprsq/pr/1246/head
db5d65d0cb3029aad10eb5fcfc2ee8f48b9a786f	refs/ghprsq/pr/1216/head
db64563e37a17079472384f4a88031054d5a34ab	refs/ghprsq/pr/1188/head
dc4bd784247755017a04f53634a776bad47efac1	refs/ghprsq/pr/1545/base
dc76e743fa93c94a6d92f7f5b408fb2e32928ee8	refs/ghprsq/pr/1285/base
dc76e743fa93c94a6d92f7f5b408fb2e32928ee8	refs/ghprsq/pr/1317/result
dd764b1ee6f34a8ed58cded51c741c5f899951ed	refs/ghprsq/pr/1478/head
de674fe50bec71727f181a7dbf8583a37e4fa750	refs/ghprsq/pr/1218/base
de674fe50bec71727f181a7dbf8583a37e4fa750	refs/ghprsq/pr/1230/result
de6a4e4844d5d4b2e90936a84c9a2a20d12dcaca	refs/ghprsq/pr/1357/head
de81d614a7b7a28e2eac59335176c94d7b8c1630	refs/ghprsq/pr/1246/result
de81d614a7b7a28e2eac59335176c94d7b8c1630	refs/ghprsq/pr/1250/base
deca19c467a7f76585d079778e1eae329646cbba	refs/ghprsq/pr/1483/head
df046b77f3fb20ab18d2c1943c34c0f3ca140701	refs/ghprsq/pr/1506/head
df0d2d9cc2758b5ef147b7b8bee39b6b36d3529c	refs/ghprsq/pr/1245/result
df0d2d9cc2758b5ef147b7b8bee39b6b36d3529c	refs/ghprsq/pr/1246/base
df0d8c98be7222e3bf058ea69df2ad4994c7bb8f	refs/ghprsq/pr/1360/result
df0d8c98be7222e3bf058ea69df2ad4994c7bb8f	refs/ghprsq/pr/1388/base
df662396a1b2f0562e2264e203b9902f09c91183	refs/ghprsq/pr/1514/head
df662396a1b2f0562e2264e203b9902f09c91183	refs/ghprsq/pr/1515/result
dfdc2566b2c8c497fc809b4c60b44eac84282b6a	refs/ghprsq/pr/1504/head
e175849516cb2bed6374c5eeeed32b7cc7726479	refs/ghprsq/pr/1207/head
e1d0e69d13bc4f50dfa4a8f514752a7a8ad65108	refs/ghprsq/pr/1275/result
e1d0e69d13bc4f50dfa4a8f514752a7a8ad65108	refs/ghprsq/pr/1281/base
e22134d4766e31c4c1e7bbf1a3d438034bd35d0e	refs/ghprsq/pr/1163/head
e371bdc6a7090f0ecdbc0c0bd243f0d71faf7b54	refs/ghprsq/pr/1168/head
e3b9e0ce1c537ab337c2e018c50cc871f7b618d0	refs/ghprsq/pr/1552/result
e3b9e0ce1c537ab337c2e018c50cc871f7b618d0	refs/ghprsq/pr/1560/base
e4fa0cf14401ed14589272f5bac212b147194acf	refs/ghprsq/pr/1585/result
e4fa0cf14401ed14589272f5bac212b147194acf	refs/ghprsq/pr/1588/base
e6f88190a6a6ebed97eccdb86ddff67f0ad20e1e	refs/ghprsq/pr/1552/head
e85f9513e9583f3ef1177e26c11813118f439493	refs/ghprsq/pr/1356/base
e85f9513e9583f3ef1177e26c11813118f439493	refs/ghprsq/pr/1357/result
e895da1b0fe581ec8ad823769dc538785edf35ab	refs/ghprsq/pr/1395/base
e895da1b0fe581ec8ad823769dc538785edf35ab	refs/ghprsq/pr/1396/result
e9209265655b261313973af1bde1c77d2a960140	refs/ghprsq/pr/1154/result
e9209265655b261313973af1bde1c77d2a960140	refs/ghprsq/pr/1158/base
e95ceb77c55dd7a0b9ebf0ea7f9cf6135a61a2a6	refs/ghprsq/pr/1489/result
e95ceb77c55dd7a0b9ebf0ea7f9cf6135a61a2a6	refs/ghprsq/pr/1490/base
e9a1f2ae0b0df4c8f80683b755f264fe27990b2b	refs/ghprsq/pr/1189/result
e9a1f2ae0b0df4c8f80683b755f264fe27990b2b	refs/ghprsq/pr/1204/base
e9ddbf267209076aafb7630274c38d1765d3c9d6	refs/ghprsq/pr/1497/head
e9e2671af0c302c0dee8ab4b0465b1da55511d32	refs/ghprsq/pr/1591/result
e9e2671af0c302c0dee8ab4b0465b1da55511d32	refs/ghprsq/pr/1599/base
ea80f6065266e943f7dad906373e5a0913c242bb	refs/ghprsq/pr/1553/result
ea80f6065266e943f7dad906373e5a0913c242bb	refs/ghprsq/pr/1573/base
eb454d7836a81592f5a18e3f4b43a1faa82fa02f	refs/ghprsq/pr/1361/result
eb454d7836a81592f5a18e3f4b43a1faa82fa02f	refs/ghprsq/pr/1370/base
eb6e9a1538c5bb39acab55abaf499dafb17a12bb	refs/ghprsq/pr/1412/head
ec67ae2b9ed411a77b7cfbcc35a76816057faa8f	refs/ghprsq/pr/1347/head
ec79e3fa7b2f57a3673930b20b637fb59b246aa9	refs/ghprsq/pr/1416/head
eda5e74afe692d0837dfb2426d00bf4a9399c68b	refs/ghprsq/pr/1411/head
ee0ef5583e9b686ec3bac3537fc1ef12268479ec	refs/ghprsq/pr/1523/result
ee0ef5583e9b686ec3bac3537fc1ef12268479ec	refs/ghprsq/pr/1540/base
eebc9380fea3d1a08a0ec48121735044a375274d	refs/ghprsq/pr/1521/result
eebc9380fea3d1a08a0ec48121735044a375274d	refs/ghprsq/pr/1523/base
eee92beb12d1822cbfa00b90e4c9fade6674c53d	refs/ghprsq/pr/1292/base
eee92beb12d1822cbfa00b90e4c9fade6674c53d	refs/ghprsq/pr/1313/result
ef7ced1d0b3303b8c1ff5070fc5fb2b77a9f207f	refs/ghprsq/pr/1316/result
f10450d45267e34ace99506600d51fd3fcf0c35e	refs/ghprsq/pr/1168/result
f10450d45267e34ace99506600d51fd3fcf0c35e	refs/ghprsq/pr/1175/base
f1f31eb3ceec7c6b1d1cfdaf70e32cf3ba35121f	refs/ghprsq/pr/1542/head
f3ff0fbcc51ad0f8819fbac267c479a656dfc76b	refs/ghprsq/pr/1394/base
f3ff0fbcc51ad0f8819fbac267c479a656dfc76b	refs/ghprsq/pr/1401/result
f44868674a3db6a6678f518eb741323f80530cb7	refs/ghprsq/pr/1213/head
f4b35789f51b66e453d03ac681a46877746a5bc0	refs/ghprsq/pr/1515/base
f5059be0c5e0cde8c1d0f2df760d43cf66c29f0b	refs/ghprsq/pr/1548/result
f5059be0c5e0cde8c1d0f2df760d43cf66c29f0b	refs/ghprsq/pr/1575/base
f5116595db6874ad555b7c5eb1be6d64389595f7	refs/ghprsq/pr/1431/head
f52bb8cbb82f26f48b6d8ebb390da8a2e781fd88	refs/ghprsq/pr/1148/head
f68780cfb3dac4081c33895ea54257186364f9fd	refs/ghprsq/pr/1594/result
f68780cfb3dac4081c33895ea54257186364f9fd	refs/ghprsq/pr/1597/base
f69227f38d87130481436f1bff83f58ce7550e17	refs/ghprsq/pr/1520/head
f6e20903bcb520243f6675c8bd53b38188204ad3	refs/ghprsq/pr/1213/result
f6e20903bcb520243f6675c8bd53b38188204ad3	refs/ghprsq/pr/1215/base
f70f5e893476a7afa7f154cc70ce57df3986acd0	refs/ghprsq/pr/1573/result
f78d6f0678f46bd9b70915fd62fc76274d799070	refs/ghprsq/pr/1318/result
f78d6f0678f46bd9b70915fd62fc76274d799070	refs/ghprsq/pr/1320/base
f899611bde72fcad6e98ae7edd995ec2265e640c	refs/ghprsq/pr/1335/head
f97ff63ba09be5b9c729150f74e469926cae396b	refs/ghprsq/pr/1160/base
f97ff63ba09be5b9c729150f74e469926cae396b	refs/ghprsq/pr/1162/result
fa5ad58ef4e8e6ab099ef6b2c94e764f9b0b3683	refs/ghprsq/pr/1490/result
fa5ad58ef4e8e6ab099ef6b2c94e764f9b0b3683	refs/ghprsq/pr/1492/base
fa7f8f2d3c1866f65dc216fafed7fddb7cb372fd	refs/ghprsq/pr/1347/result
fa7f8f2d3c1866f65dc216fafed7fddb7cb372fd	refs/ghprsq/pr/1352/base
fb734847ad21216721c6c251a2fe590ad5e1262c	refs/ghprsq/pr/1597/result
fb734847ad21216721c6c251a2fe590ad5e1262c	refs/ghprsq/pr/1604/base
fbd81499d43799742d7f3a83ca8be4e38174fc29	refs/ghprsq/pr/1480/head
fc16de565f2c44f3403b25019d223ce5083c04c3	refs/ghprsq/pr/1293/head
fc8fd122e8802598d51b9c90e671df30ebbedd2a	refs/ghprsq/pr/1228/head
fd5f975906069d3e60aff57aad08b109c24b809f	refs/ghprsq/pr/1251/head
fd7d59329eb4e283a7c54d5296f8bc1c105d87a9	refs/ghprsq/pr/1315/head
fe3020c7613214d9504476f25341f4d0445d09a5	refs/ghprsq/pr/1185/head
fec515819eb0ec91b282a3d7277c70ba4d606493	refs/ghprsq/pr/1582/result
fed39ce436eea777ffbeae08f2a899ed46b0a70f	refs/ghprsq/pr/1333/base
fed39ce436eea777ffbeae08f2a899ed46b0a70f	refs/ghprsq/pr/1334/result
fed4267d4a23dda44765f630041884fcc4ad5685	refs/ghprsq/pr/1328/head
ff3fa46b84079253cb66afb72fea8d077079862e	refs/ghprsq/pr/1319/base
ff9225fee88a07a47384bac5f2d52839bbb0ac17	refs/ghprsq/pr/1137/base
ffdbd83cd089f9ed331c80142e5e64bd2560d1ac	refs/ghprsq/pr/1251/result
ffe73181c9b8fb9dba1e69ef61edd7718b64d4ff	refs/ghprsq/pr/1154/base
ffe73181c9b8fb9dba1e69ef61edd7718b64d4ff	refs/ghprsq/pr/1159/result
