008be998ef16d6037e77eaf03a5d8df82ba2faa4	refs/ghprsq/pr/1328/base
008be998ef16d6037e77eaf03a5d8df82ba2faa4	refs/ghprsq/pr/1329/result
00e061c42d4e1985205f452bcd33a3129176cd1c	refs/ghprsq/pr/1161/head
015c58969183ea1094ffd07a618fdb26c55ebd10	refs/ghprsq/pr/1598/head
0163f1115153345f61164ebef3ecd1323900bc04	refs/ghprsq/pr/1229/result
0163f1115153345f61164ebef3ecd1323900bc04	refs/ghprsq/pr/1231/base
01aece0ff2d12043d337aa4b5d1f0c4e4db590a0	refs/ghprsq/pr/1542/base
01aece0ff2d12043d337aa4b5d1f0c4e4db590a0	refs/ghprsq/pr/1543/result
03f0ec4033433235bdadb81b757dbe398074ed6b	refs/ghprsq/pr/1470/result
03f0ec4033433235bdadb81b757dbe398074ed6b	refs/ghprsq/pr/1471/base
043555a9f5fa2428db967ce5beba88006f56a140	refs/ghprsq/pr/1187/head
046c249658aacf7c05d2018547136c3f659037e1	refs/ghprsq/pr/1487/result
046c249658aacf7c05d2018547136c3f659037e1	refs/ghprsq/pr/1488/base
04c316d553a79e2cbedf12235d7fd61d983b9573	refs/ghprsq/pr/1198/head
055e5292857d495bfb02eb7b35a350503736cd48	refs/ghprsq/pr/1545/base
063e99691ad8c2a44150cfda8858b59c904ce5cb	refs/ghprsq/pr/1394/base
063e99691ad8c2a44150cfda8858b59c904ce5cb	refs/ghprsq/pr/1401/result
06afed1fb27e412cb96efccdedb9404ab48d64e2	refs/ghprsq/pr/1319/base
07126766842a1be5f6bf8365ab37a222484ff7a1	refs/ghprsq/pr/1219/head
077e3ce521a9bcff30f62274f63aee50a6a0efcb	refs/ghprsq/pr/1469/result
077e3ce521a9bcff30f62274f63aee50a6a0efcb	refs/ghprsq/pr/1470/base
08343ec118a05f4a1e54741b3ff3d81e32abf795	refs/ghprsq/pr/1553/head
0906a602dbb0da70e5a4003d8eda174fa11e0cfc	refs/ghprsq/pr/1204/head
0973df3e258af3f8063dbe95dbb57a7aa9396d3f	refs/ghprsq/pr/1400/head
0a6782c7b9ef5c9437784fb40a4a6b89251e7e6e	refs/ghprsq/pr/1470/head
0aa6144e8b88d85c4bbb97d1118a32ff74943f54	refs/ghprsq/pr/1164/head
0ac35c3bb10669e6e8227871ff6e92ebcd634ce6	refs/ghprsq/pr/1550/head
0b2cff1900e0986ad74fb490237bbafe8494961c	refs/ghprsq/pr/1318/result
0b2cff1900e0986ad74fb490237bbafe8494961c	refs/ghprsq/pr/1320/base
0b4e22ca95ead637b9ea9586697b4251252f2751	refs/ghprsq/pr/1606/head
0bc823ba67cf6eeda6fc9e7114bd4925bc2557e1	refs/ghprsq/pr/1189/result
0bc823ba67cf6eeda6fc9e7114bd4925bc2557e1	refs/ghprsq/pr/1204/base
0c0f8174e11d60cd59f72560033994c3d8c97a9e	refs/ghprsq/pr/1478/head
0d8eb040b85b84191a23a67c2197d215a37b6b60	refs/ghprsq/pr/1490/head
0dd0d252ac15ed900b6c82b9a94a16978e82705a	refs/ghprsq/pr/1399/head
0e8eb9c3056c12df6713b8f9d6f619bff3e3b67b	refs/ghprsq/pr/1561/head
0ec23c45d6d8468b3c39e71ef001cff7ffb8d6b0	refs/ghprsq/pr/1215/head
0f5715b09bb51a4fac89387f0fce1c94478eef4c	refs/ghprsq/pr/1189/head
0f80b2ced9ed069d5d5db9289147e58848debfc0	refs/ghprsq/pr/1316/head
0fa5b8e72d56ece4c71d5eeabd1e6dc89397c1bd	refs/ghprsq/pr/1214/result
0fa5b8e72d56ece4c71d5eeabd1e6dc89397c1bd	refs/ghprsq/pr/1216/base
0fa6b69e285c2579fb8d92fc9852423408001ac3	refs/ghprsq/pr/1317/head
103466f64c29c001545b712e7a274ab1b269d362	refs/ghprsq/pr/1332/head
10fc4d3c31025ccdb4ead08a10ea39a029f3b787	refs/ghprsq/pr/1165/base
10fc4d3c31025ccdb4ead08a10ea39a029f3b787	refs/ghprsq/pr/1173/result
11453eaba232a2c6935231f01e0d397f2c48e0e3	refs/ghprsq/pr/1548/head
123d4d2585c62efa93a5124be2c248c0436a13fe	refs/ghprsq/pr/1149/head
123fadc136ada7e0f1558ac829aa0dfe250f6dc5	refs/ghprsq/pr/1540/head
12af409c953abad27272a9745c7c92d7f6c64d2f	refs/ghprsq/pr/1370/result
12af409c953abad27272a9745c7c92d7f6c64d2f	refs/ghprsq/pr/1378/base
1351e04b9149ca034a3595252928cd8909743772	refs/ghprsq/pr/1150/head
13634fcfac83d827856d2c83e62a22bec0269a62	refs/ghprsq/pr/1514/result
13634fcfac83d827856d2c83e62a22bec0269a62	refs/ghprsq/pr/1519/base
140f986a2ebd8893bbd4b758df4a299cd6534c87	refs/ghprsq/pr/1233/head
143534a915c341f501a513efd09a2ce6cf11fcde	refs/ghprsq/pr/1283/result
143534a915c341f501a513efd09a2ce6cf11fcde	refs/ghprsq/pr/1284/base
14f94b7fdb67c5d79b25ceb28e63707367c2a741	refs/ghprsq/pr/1205/result
14f94b7fdb67c5d79b25ceb28e63707367c2a741	refs/ghprsq/pr/1207/base
14ffe7642d507219c6fbdbbbde7d5e0d6795c0aa	refs/ghprsq/pr/1184/head
154921ddce1797b220877598f75d838e2075dc42	refs/ghprsq/pr/1548/result
154921ddce1797b220877598f75d838e2075dc42	refs/ghprsq/pr/1575/base
15a9b8f60067c20a1266376c6ff5920c8c1a7c6b	refs/ghprsq/pr/1245/head
15f260a4ff7e6e5a3b8d308d355d0a9d3fedbcce	refs/ghprsq/pr/1246/head
16308cc363904ac065ac33139860eaeb50edff5b	refs/ghprsq/pr/1495/head
16333ff730d97ff31d9db57be05bde71fdd3b8d5	refs/ghprsq/pr/1332/base
16333ff730d97ff31d9db57be05bde71fdd3b8d5	refs/ghprsq/pr/1356/result
16520ef30fc5a627e0195bbdb4e23ffb7acd1915	refs/ghprsq/pr/1290/result
16711c90f48dd974669edf53b8a3d01da5cf43ed	refs/ghprsq/pr/1473/head
1732d2222ec6207c248949d8589de7c727a8b6cf	refs/ghprsq/pr/1146/result
1732d2222ec6207c248949d8589de7c727a8b6cf	refs/ghprsq/pr/1147/base
176eca8a4608bd08808a378566fef6acf09f02d7	refs/ghprsq/pr/1279/head
184e0e10b772d7e3d81d247aed589905fd7ae9ca	refs/ghprsq/pr/1234/head
18c449d87e2a5cd97a3bba53fedbd5f8881b3909	refs/ghprsq/pr/1477/base
18c449d87e2a5cd97a3bba53fedbd5f8881b3909	refs/ghprsq/pr/1478/result
18dc91d865ca13ebc7c76c1e3d4bc8fa3faf4a92	refs/ghprsq/pr/1217/head
1998097e76589bc65b2cafb315215cd5032d81f2	refs/ghprsq/pr/1230/base
1998097e76589bc65b2cafb315215cd5032d81f2	refs/ghprsq/pr/1231/result
19e9911f127b2514119c0351c295bc4893a8d2af	refs/ghprsq/pr/1292/result
19e9911f127b2514119c0351c295bc4893a8d2af	refs/ghprsq/pr/1315/base
1a447c28b86ec6d3fc2a4469b2d808105960f29c	refs/ghprsq/pr/1170/result
1a82269918827a0314d837ad3c18a2dbbf440a27	refs/ghprsq/pr/1390/result
1a82269918827a0314d837ad3c18a2dbbf440a27	refs/ghprsq/pr/1401/base
1ababa3b24820b0b2d60d07425aa060c17393180	refs/ghprsq/pr/1162/head
1b7a1643cf15e456f9748d3a9fbf9c756d11ca1b	refs/ghprsq/pr/1591/result
1b7a1643cf15e456f9748d3a9fbf9c756d11ca1b	refs/ghprsq/pr/1599/base
1c1353ddaf33a0c4b89ab3ac84ad0d186680cf1c	refs/ghprsq/pr/1214/base
1c1353ddaf33a0c4b89ab3ac84ad0d186680cf1c	refs/ghprsq/pr/1217/result
1d30b77baafa77fd096e606857d40b78ec052d33	refs/ghprsq/pr/1352/head
1de0daa66f4e7a8c253e3218932d89b2684b9fc2	refs/ghprsq/pr/1547/result
1de0daa66f4e7a8c253e3218932d89b2684b9fc2	refs/ghprsq/pr/1550/base
1e5f47217e48d855196cec8dbe1f10ebd614eec9	refs/ghprsq/pr/1492/result
1e5f47217e48d855196cec8dbe1f10ebd614eec9	refs/ghprsq/pr/1495/base
1e94fddf9ed683c3984ee2d84cceb4387816e4dc	refs/ghprsq/pr/1333/result
1e94fddf9ed683c3984ee2d84cceb4387816e4dc	refs/ghprsq/pr/1337/base
1ea841067c9a9833ecc4dae002212cff2c061712	refs/ghprsq/pr/1382/head
1f9c9e4c56c6ebf16b092a142cce5716c9ae13b2	refs/ghprsq/pr/1485/result
1f9c9e4c56c6ebf16b092a142cce5716c9ae13b2	refs/ghprsq/pr/1487/base
219082801cb835b6762d578628d1f08c0c38902e	refs/ghprsq/pr/1148/result
219082801cb835b6762d578628d1f08c0c38902e	refs/ghprsq/pr/1150/base
22fb3fa6020ea82b413bfc3618ae08f395c2cd4d	refs/ghprsq/pr/1513/head
23a8f60eb1896e7f4e8c6a39f876558e828e7fff	refs/ghprsq/pr/1504/result
23a8f60eb1896e7f4e8c6a39f876558e828e7fff	refs/ghprsq/pr/1505/base
23b18c6a900a8a77829a5e85f43810e23fe4bbe7	refs/ghprsq/pr/1484/head
23e4c54a3f3a2607a6ea05353fb27e7bf8e4a549	refs/ghprsq/pr/1401/head
262959f1fa02e3514e1e9bc111cdadcb32fbd04f	refs/ghprsq/pr/1595/base
262959f1fa02e3514e1e9bc111cdadcb32fbd04f	refs/ghprsq/pr/1596/result
266fb958ebab0e6b4715ee31fee21ee99ee0b564	refs/ghprsq/pr/1216/head
26ad751d7a9595545ba70400cf0ae0674521fe7a	refs/ghprsq/pr/1214/head
273df475df88736fa25253224825904872632dd7	refs/ghprsq/pr/1284/result
273df475df88736fa25253224825904872632dd7	refs/ghprsq/pr/1286/base
2746b4924aeff66fe6fa04d4149b9772263aa2f9	refs/ghprsq/pr/1515/base
287ca96fca64a3068dd6c66a54dad15b32b8dd26	refs/ghprsq/pr/1387/base
287ca96fca64a3068dd6c66a54dad15b32b8dd26	refs/ghprsq/pr/1393/result
28b52cb2e493d9f8881b5058fe749f33d729e1cb	refs/ghprsq/pr/1453/base
28b52cb2e493d9f8881b5058fe749f33d729e1cb	refs/ghprsq/pr/1456/result
28be7b3a93090fa5af2f8bfb4a97afae89ce57f9	refs/ghprsq/pr/1238/head
292518d14b62157485dba8c197328108d601c65c	refs/ghprsq/pr/1186/base
292518d14b62157485dba8c197328108d601c65c	refs/ghprsq/pr/1188/result
29398b0f65c1593dee204b83c20193d1e99674ad	refs/ghprsq/pr/1457/head
2a196f2c5f79127706bdfc7112534735c4f3026c	refs/ghprsq/pr/1186/head
2a9178b3f2e94c0d28683ff12dc3e8d63440075e	refs/ghprsq/pr/1582/head
2b17deadeb2dc77c8afce6c4d071eb56f300e795	refs/ghprsq/pr/1499/head
2c171b474caef5ceadfe85d455f1e562b0e63561	refs/ghprsq/pr/1315/head
2c25146707e60f1aeab770817e2ea0d886a57364	refs/ghprsq/pr/1292/base
2c25146707e60f1aeab770817e2ea0d886a57364	refs/ghprsq/pr/1313/result
2c43d249ed131b8fba3f2ac7361e3e8fbeb421ad	refs/ghprsq/pr/1240/head
2c4f762f4d2d1b339941d990ff638e43c26a9ce3	refs/ghprsq/pr/1393/head
2cb2c30beb899e55793405fcb62758d340f08ae4	refs/ghprsq/pr/1495/result
2cb2c30beb899e55793405fcb62758d340f08ae4	refs/ghprsq/pr/1497/base
2d5c0cd9c07260cd1e1872fbe958d2a2fd0afe23	refs/ghprsq/pr/1338/head
2e5ed6e77393e7e21739f1a9e1181bfc3c4def2a	refs/ghprsq/pr/1594/base
2e5ed6e77393e7e21739f1a9e1181bfc3c4def2a	refs/ghprsq/pr/1598/result
2e613ac36c1ba896d7593585424e62d64d2a560a	refs/ghprsq/pr/1216/result
2e613ac36c1ba896d7593585424e62d64d2a560a	refs/ghprsq/pr/1219/base
2e66130fb75e09c5e2318a8eeeeb3c72248ecfdd	refs/ghprsq/pr/1445/head
2fa7c9cd2f90a560912d743e68da48b6ad800e8c	refs/ghprsq/pr/1541/head
304a4a00d620d1667eebdb9386465e2f64549776	refs/ghprsq/pr/1391/head
30ff33c3897b6cba1115f553eca6a6f927eb4c39	refs/ghprsq/pr/1489/head
31b1c3a0076915b0bca916d6fde0a7feb8befde5	refs/ghprsq/pr/1472/result
31b1c3a0076915b0bca916d6fde0a7feb8befde5	refs/ghprsq/pr/1474/base
31b2cc127affc7a840329ae22089c8a9eca38ecf	refs/ghprsq/pr/1490/result
31b2cc127affc7a840329ae22089c8a9eca38ecf	refs/ghprsq/pr/1492/base
31b61654fedc44b178a471399b3552dbc525c38e	refs/ghprsq/pr/1455/result
31b61654fedc44b178a471399b3552dbc525c38e	refs/ghprsq/pr/1456/base
31fc364ef8a91ab5a5fd0ccd039dfd42e65b2094	refs/ghprsq/pr/1360/base
31fc364ef8a91ab5a5fd0ccd039dfd42e65b2094	refs/ghprsq/pr/1382/result
32602b1d8c9c601287da5a1e5145ff02745d1a24	refs/ghprsq/pr/1238/result
32602b1d8c9c601287da5a1e5145ff02745d1a24	refs/ghprsq/pr/1240/base
32ae59b59622de438e1d18de6afba2062679690c	refs/ghprsq/pr/1179/head
3539af8c3194307d9e1d7897fa0f924f2e2dda7d	refs/ghprsq/pr/1177/base
3539af8c3194307d9e1d7897fa0f924f2e2dda7d	refs/ghprsq/pr/1178/result
3576ebe2eca7f93bdb27062699e64506da9c7f0b	refs/ghprsq/pr/1483/result
3576ebe2eca7f93bdb27062699e64506da9c7f0b	refs/ghprsq/pr/1484/base
358f2cf23ce4aaccef57cd01b0806c0a22ce31c4	refs/ghprsq/pr/1231/head
35e6d71f8c6744f1e4362cd5ff8d005983e90c32	refs/ghprsq/pr/1152/head
364eb18a73e5bfbd947f86604a221f839cc79857	refs/ghprsq/pr/1353/result
364eb18a73e5bfbd947f86604a221f839cc79857	refs/ghprsq/pr/1357/base
3770fa78d462b967f49204fd41d99476a7ac9455	refs/ghprsq/pr/1581/base
379bfae85545d403537c60273446198979020af6	refs/ghprsq/pr/1607/head
38197471c04ea27282989e297ae14581693c53a5	refs/ghprsq/pr/1553/result
38197471c04ea27282989e297ae14581693c53a5	refs/ghprsq/pr/1573/base
394a7560a03d0715ad2030b2982b866e516d603d	refs/ghprsq/pr/1593/head
39640121ead5eb9226b9b60c01f50c320288cb42	refs/ghprsq/pr/1170/base
3a8474761692e40a529e257ce9d68934c8e822d3	refs/ghprsq/pr/1326/head
3a9e38a2c122b1942b897daef0ccfb4b58737307	refs/ghprsq/pr/1481/head
3ae5fe761bd4376a21fba6b074f17042059320d4	refs/ghprsq/pr/1356/base
3ae5fe761bd4376a21fba6b074f17042059320d4	refs/ghprsq/pr/1357/result
3ba971ab9c6fd90243aa987ffe0ba898bdfb3082	refs/ghprsq/pr/1390/head
3bc16aace5de62c6fd5d8ac8c4fc4b2a806658d1	refs/ghprsq/pr/1313/base
3d386e9059972f964b938641a6ac4c2fdab999b8	refs/ghprsq/pr/1248/result
3d386e9059972f964b938641a6ac4c2fdab999b8	refs/ghprsq/pr/1249/base
3ddbb54f768c0fa70bd6d80723d9b2f5d949973e	refs/ghprsq/pr/1320/result
3e69882dd0d437f57b2ffb485f74859387f3420d	refs/ghprsq/pr/1582/base
3e84f2b35f013a3cb4162f85547cd3d2ec584c06	refs/ghprsq/pr/1288/head
3f558a31c9fd093fe7e15bc7ee9474ffaccf6def	refs/ghprsq/pr/1512/head
3fd05aaa74d904604cd7dc93f9498badfa5e6a4d	refs/ghprsq/pr/1283/head
3fdd4dd543247c9e2ce0fcd2c5f96eb70d8dbc71	refs/ghprsq/pr/1352/result
3fdd4dd543247c9e2ce0fcd2c5f96eb70d8dbc71	refs/ghprsq/pr/1353/base
408b50ba438987bcb39c5412d5d561c6e6cf7769	refs/ghprsq/pr/1361/result
408b50ba438987bcb39c5412d5d561c6e6cf7769	refs/ghprsq/pr/1370/base
416baeb14282a6496d44800d62e447bc93be6bca	refs/ghprsq/pr/1285/head
422a73d6ee780411c13ea235caa5534e152bff06	refs/ghprsq/pr/1384/base
422a73d6ee780411c13ea235caa5534e152bff06	refs/ghprsq/pr/1388/result
430ad496581bf04d0fb45766078cfb7a9db485bf	refs/ghprsq/pr/1411/result
430ad496581bf04d0fb45766078cfb7a9db485bf	refs/ghprsq/pr/1431/base
43b814fa1a689562ecde12ee13ad17c4ca792896	refs/ghprsq/pr/1135/head
43c75ec7ddfdb4b6d8972b80cd5b455ee9058254	refs/ghprsq/pr/1469/head
43c87a6937afee056c311b59d27b089eb3507d8a	refs/ghprsq/pr/1488/head
444ca026d1f3e0c954ea8777bc7fb962ecd2e3c8	refs/ghprsq/pr/1560/head
448f0bb74e1acaa8f338914be8b5f36ad51e1991	refs/ghprsq/pr/1549/result
448f0bb74e1acaa8f338914be8b5f36ad51e1991	refs/ghprsq/pr/1553/base
44b44e6cd9a8dcea2aaec5f784b092ad9aa056c2	refs/ghprsq/pr/1277/head
44ba8361e0c1462572e41dc9d6d6824dd6a692a2	refs/ghprsq/pr/1485/head
44be86e53b4b06ac55e8e1722767c8904871e617	refs/ghprsq/pr/1586/result
44be86e53b4b06ac55e8e1722767c8904871e617	refs/ghprsq/pr/1593/base
44cfabe20b781681baccf6e5106e079bd99316c5	refs/ghprsq/pr/1584/result
44cfabe20b781681baccf6e5106e079bd99316c5	refs/ghprsq/pr/1587/base
450338e2ddecaef36f5db83242fa70f0a8a1e45f	refs/ghprsq/pr/1138/head
4596950e25599235baf4e723c1c8301bada56c32	refs/ghprsq/pr/1477/result
4596950e25599235baf4e723c1c8301bada56c32	refs/ghprsq/pr/1479/base
468d67f171d618a0399d3863ec5587609f75dd6f	refs/ghprsq/pr/1181/head
47398242ad147498cc48b213d5610055af10bad6	refs/ghprsq/pr/1496/base
47398242ad147498cc48b213d5610055af10bad6	refs/ghprsq/pr/1499/result
478d601e61b201ce729206d4ad29065bfb7c8300	refs/ghprsq/pr/1456/head
47af0160c64df519976453ae86f8455db1db596d	refs/ghprsq/pr/1492/head
47d07d7e65940367431acf149d9a074a2bb10693	refs/ghprsq/pr/1140/head
48c579144a101522c2d27a4c24f933dddac53f84	refs/ghprsq/pr/1384/head
48efd02b99b2702e4b2d164a08a99480821b8702	refs/ghprsq/pr/1151/head
496a80528f270b21808d2231d5e98f74fff14689	refs/ghprsq/pr/1149/base
496a80528f270b21808d2231d5e98f74fff14689	refs/ghprsq/pr/1152/result
498575ff67ca2ae52b2df3613779fce5df983870	refs/ghprsq/pr/1187/result
498575ff67ca2ae52b2df3613779fce5df983870	refs/ghprsq/pr/1188/base
4a1155c0e17fac605dbe2fac2022bd9b539f853f	refs/ghprsq/pr/1157/result
4a1155c0e17fac605dbe2fac2022bd9b539f853f	refs/ghprsq/pr/1159/base
4ab28a1611a3bf6fcd587dca67c36ea39b1896c7	refs/ghprsq/pr/1504/head
4b15c3810fd09e735b3af6c5518ce3b6d72fcd3d	refs/ghprsq/pr/1147/result
4b15c3810fd09e735b3af6c5518ce3b6d72fcd3d	refs/ghprsq/pr/1152/base
4b548ba667b0124bf8e824de38f13133a2220ffe	refs/ghprsq/pr/1233/result
4b548ba667b0124bf8e824de38f13133a2220ffe	refs/ghprsq/pr/1234/base
4c1305fdd8241fe58a42dda1976fb29c9c6b8f41	refs/ghprsq/pr/1252/base
4c1305fdd8241fe58a42dda1976fb29c9c6b8f41	refs/ghprsq/pr/1253/result
4d52c5a3d490c9f0619c02518bf7a743aaba0923	refs/ghprsq/pr/1251/head
4dac1b2c7cb45f3910d20fb1e6bc1415d7b4fb07	refs/ghprsq/pr/1483/head
4e8d945e0a0820ce1fc6a42ed90fd040867edc91	refs/ghprsq/pr/1282/head
4f863fa018a1d9363238ff8e0ff65dddea9daff2	refs/ghprsq/pr/1281/head
4ff089f19551802606be7a04c71bcbed6b9cd23b	refs/ghprsq/pr/1597/head
5004d38fc69676307e70cacfae793f7f0f768033	refs/ghprsq/pr/1160/base
5004d38fc69676307e70cacfae793f7f0f768033	refs/ghprsq/pr/1162/result
5065cd111b954e4c568a342e2bf95d6b60068032	refs/ghprsq/pr/1213/head
515de3652050cc2ad4a10a0649d29045ae01fc97	refs/ghprsq/pr/1252/result
515de3652050cc2ad4a10a0649d29045ae01fc97	refs/ghprsq/pr/1274/base
51b5fef4df6d760e141c727e2d8ca26dbd310f83	refs/ghprsq/pr/1198/base
51b5fef4df6d760e141c727e2d8ca26dbd310f83	refs/ghprsq/pr/1204/result
5247c020e87ba0f6ea8653d5650324f8a868c397	refs/ghprsq/pr/1549/head
526607a9522fd97e5fd8f8710c326582ee18572e	refs/ghprsq/pr/1580/base
528e324a733d26e9fa61cd3ef2ccccd29c790a2e	refs/ghprsq/pr/1228/result
528e324a733d26e9fa61cd3ef2ccccd29c790a2e	refs/ghprsq/pr/1229/base
529a751a1e99ad9662376f76db63653a452272b0	refs/ghprsq/pr/1137/result
529a751a1e99ad9662376f76db63653a452272b0	refs/ghprsq/pr/1138/base
52b26b8d6235d9dadcdde369252fb70b85abbe77	refs/ghprsq/pr/1252/head
5391a9fc6c5e1ccfc3057a6f0b87934bcce1e66a	refs/ghprsq/pr/1590/head
54f10e373fdb79d16a4b17fabf839ba7cea17f86	refs/ghprsq/pr/1455/head
562f4ca2c202028a5bee85a05ba2aa2033fc395e	refs/ghprsq/pr/1576/result
5697cf218c8d9787d250ee4b061a8d83c0c2acbc	refs/ghprsq/pr/1289/result
5697cf218c8d9787d250ee4b061a8d83c0c2acbc	refs/ghprsq/pr/1290/base
570e46207cf02be43b5d605241f557ed35f5f293	refs/ghprsq/pr/1595/result
570e46207cf02be43b5d605241f557ed35f5f293	refs/ghprsq/pr/1598/base
576ca3211afd0cb307e74b738c5f4e5e001868f4	refs/ghprsq/pr/1339/head
5950e7aef55389d9a61d737c18a4b15b61ff3cf2	refs/ghprsq/pr/1178/base
5950e7aef55389d9a61d737c18a4b15b61ff3cf2	refs/ghprsq/pr/1183/result
597f5a8299b0c502f9e72e3a9e3f30a01b5c2afb	refs/ghprsq/pr/1550/result
59fae988d4f8dc99731d8b9693a85fcf952005d6	refs/ghprsq/pr/1370/head
5a42eacce8cf076ecb1268f4f5502a50a0b386dc	refs/ghprsq/pr/1580/result
5a5fe62c6a8aa0a7c67468ce70da4b18afe0e3ad	refs/ghprsq/pr/1474/result
5ab0ac04d515d31be963d96ecce28f21d406dc74	refs/ghprsq/pr/1232/result
5ab0ac04d515d31be963d96ecce28f21d406dc74	refs/ghprsq/pr/1235/base
5c440945e6cedf8bd579afebc035005dd6b99563	refs/ghprsq/pr/1578/result
5c4cff7fa09149e95f6e664004739d06bbb1af98	refs/ghprsq/pr/1500/base
5c4cff7fa09149e95f6e664004739d06bbb1af98	refs/ghprsq/pr/1502/result
5d758eb7a8db78451ca25be4ea336b90ac08dcf5	refs/ghprsq/pr/1238/base
5d7bc3157afb6fabbecb6e3a0a8f72f113ac1c2e	refs/ghprsq/pr/1478/base
5e53309dc9a1a66f15b4f5f073e546768fca9704	refs/ghprsq/pr/1507/result
5e53309dc9a1a66f15b4f5f073e546768fca9704	refs/ghprsq/pr/1513/base
5ef88aaa5c1c3445b95fa6d0428c6d1a144b36e1	refs/ghprsq/pr/1163/head
5fa77e7ef384fb0c65ed43a6a309d5d11d8a9a70	refs/ghprsq/pr/1185/head
60a7edf17c6ac76866974b3c2b82a344355c6dd2	refs/ghprsq/pr/1596/head
60dffe677baac89ba161f3bd3fac9197cea5ea02	refs/ghprsq/pr/1394/result
60dffe677baac89ba161f3bd3fac9197cea5ea02	refs/ghprsq/pr/1412/base
61240231a6c16bd4bb57a7521e5db62e5670ea52	refs/ghprsq/pr/1585/head
61be56773994e0f92a67c943e6aad7099826072d	refs/ghprsq/pr/1606/result
61be56773994e0f92a67c943e6aad7099826072d	refs/ghprsq/pr/1607/base
62470a21f04ba9365919fa949eabffbcc3a15e6c	refs/ghprsq/pr/1215/result
62470a21f04ba9365919fa949eabffbcc3a15e6c	refs/ghprsq/pr/1217/base
625b1f95a5f1743ddcc4010c45baecb4270ccfdc	refs/ghprsq/pr/1229/head
63153c0e0de59d9a8b73d2c456cec3256a16c606	refs/ghprsq/pr/1160/head
638cf04add07e23104f2630a3bf393d1d31e3555	refs/ghprsq/pr/1329/head
64fbf3ec82c45207df2160ffc90bc408d6966187	refs/ghprsq/pr/1432/head
65281d0c033b79c8f18ee4331d684d2cd79173be	refs/ghprsq/pr/1137/head
653fa487e164f839d037d1fa8a501c285497a61b	refs/ghprsq/pr/1378/result
653fa487e164f839d037d1fa8a501c285497a61b	refs/ghprsq/pr/1382/base
668ad336e016ebb934eaee2a697ddd7340ad3e12	refs/ghprsq/pr/1547/head
66e2bbafe7c63d25dd1842f1ffdf162530da5c21	refs/ghprsq/pr/1245/result
66e2bbafe7c63d25dd1842f1ffdf162530da5c21	refs/ghprsq/pr/1246/base
6765d7f72076d96576a5f3ca1840c4f864b9d6dc	refs/ghprsq/pr/1326/result
6765d7f72076d96576a5f3ca1840c4f864b9d6dc	refs/ghprsq/pr/1329/base
68940b2d4138e23e6ba51162633882e537b038ae	refs/ghprsq/pr/1514/head
68940b2d4138e23e6ba51162633882e537b038ae	refs/ghprsq/pr/1515/result
68a97cb93c7364df140790aa44ef8e3adb88afbe	refs/ghprsq/pr/1542/result
6976c9a7559ec583c5236c9c1018e2f7b0cf78ed	refs/ghprsq/pr/1506/head
69dad7dbe03238b6a6277fb5636bf05cfe1f7c85	refs/ghprsq/pr/1505/head
69f42718997d6c437d89446d5ebe54db8cdaddca	refs/ghprsq/pr/1414/head
6a7b5c31bb136d8ef244797c86704f29f2fff2ef	refs/ghprsq/pr/1277/result
6a7b5c31bb136d8ef244797c86704f29f2fff2ef	refs/ghprsq/pr/1279/base
6c3e71670ecce5aa5d6911b1536bd692d2537dce	refs/ghprsq/pr/1246/result
6c3e71670ecce5aa5d6911b1536bd692d2537dce	refs/ghprsq/pr/1250/base
6c80b9ea4bb82c9b54985ff34c1b4357ae7cd965	refs/ghprsq/pr/1135/result
6c80b9ea4bb82c9b54985ff34c1b4357ae7cd965	refs/ghprsq/pr/1148/base
6c977186a5a210b15effedebb4c37b968faff5cd	refs/ghprsq/pr/1487/head
6cfd86d0ac9450e8cfdc1ae0c54acfea326b186e	refs/ghprsq/pr/1569/base
6d02e05332ca4867f6dfd7e20ab036d5a060810a	refs/ghprsq/pr/1332/result
6d02e05332ca4867f6dfd7e20ab036d5a060810a	refs/ghprsq/pr/1359/base
6d25df02b4ab1c8e63d9c0bb35543fbea03aa36c	refs/ghprsq/pr/1540/result
6d25df02b4ab1c8e63d9c0bb35543fbea03aa36c	refs/ghprsq/pr/1541/base
6dcf68202eda753d3ea58cb83283c277f5e693aa	refs/ghprsq/pr/1395/head
6df05dbf7deb62ce3b5e406fcbd092374f54f7de	refs/ghprsq/pr/1168/head
6fb73d5eb8f33db8077438f7f5c45a5ccfaa2101	refs/ghprsq/pr/1186/result
6fb73d5eb8f33db8077438f7f5c45a5ccfaa2101	refs/ghprsq/pr/1190/base
6fc01f1df790b2360107dca8bf7059aa5a2fa1b2	refs/ghprsq/pr/1134/head
7002e3bd291e98222e6afadf6c0d7e1789b7a1ab	refs/ghprsq/pr/1242/result
7002e3bd291e98222e6afadf6c0d7e1789b7a1ab	refs/ghprsq/pr/1244/base
70df2ad051e8ab20eec47b905415c81d495347f7	refs/ghprsq/pr/1494/result
70f0d6e3da1196ca32d7261047e05da18789e4f5	refs/ghprsq/pr/1591/head
7159b6829ad2815e0e73e24ae79b3393ff63b267	refs/ghprsq/pr/1284/head
71e187b6364a73483f61f0b79dbdd6ec7997f3c7	refs/ghprsq/pr/1196/head
72f94858cda51e42205a7ad1243cb8ff13a4680e	refs/ghprsq/pr/1232/head
739a6cc74bb073d38b4836f2fc755baae1210bf9	refs/ghprsq/pr/1474/head
73e87a1f385b72332345c9cd391dc2d3e01dc695	refs/ghprsq/pr/1386/head
73f0ebe072bcf3130635e5c1bdb6a588e455a859	refs/ghprsq/pr/1400/result
73f0ebe072bcf3130635e5c1bdb6a588e455a859	refs/ghprsq/pr/1414/base
74f681fa68de8f9c634835a9f4b0e6f6a8cd07f2	refs/ghprsq/pr/1411/base
74f681fa68de8f9c634835a9f4b0e6f6a8cd07f2	refs/ghprsq/pr/1416/result
754092b260a99565fa16d21a0d9e16b504b512a2	refs/ghprsq/pr/1384/result
754092b260a99565fa16d21a0d9e16b504b512a2	refs/ghprsq/pr/1391/base
761b19ec08871ce485c8e12945cd5d4dbb27b76f	refs/ghprsq/pr/1290/head
77465b27991e936a4fe90f6a1374faab42c17c05	refs/ghprsq/pr/1457/result
77465b27991e936a4fe90f6a1374faab42c17c05	refs/ghprsq/pr/1469/base
789a308ed09318fb686b3fcde240876bff89f9a7	refs/ghprsq/pr/1286/head
798f1aae68fc3abe98749dd97057a06ba6a3547b	refs/ghprsq/pr/1285/base
798f1aae68fc3abe98749dd97057a06ba6a3547b	refs/ghprsq/pr/1317/result
79b98e7bcbbb1dc781b8e1f64dc30d1f2f2f4903	refs/ghprsq/pr/1395/base
79b98e7bcbbb1dc781b8e1f64dc30d1f2f2f4903	refs/ghprsq/pr/1396/result
79fa406f0114ad1ce9a2f89f10aeabd60c4509d2	refs/ghprsq/pr/1552/base
79fa406f0114ad1ce9a2f89f10aeabd60c4509d2	refs/ghprsq/pr/1554/result
7a30610ae70962e3e10a248b40fd197cd9badfcb	refs/ghprsq/pr/1328/head
7b2bf3d13afe7301011d761d75438ffc43561eee	refs/ghprsq/pr/1560/result
7b2bf3d13afe7301011d761d75438ffc43561eee	refs/ghprsq/pr/1561/base
7b3c477e9621ef29c4575b89b8d3de8ae6a7e924	refs/ghprsq/pr/1521/result
7b3c477e9621ef29c4575b89b8d3de8ae6a7e924	refs/ghprsq/pr/1523/base
7b48b8861cba7c9fcc73d58eb42ef359b97428f4	refs/ghprsq/pr/1333/base
7b48b8861cba7c9fcc73d58eb42ef359b97428f4	refs/ghprsq/pr/1334/result
7bf78bc7518bd11f24fdb45b781fb232513e0aa8	refs/ghprsq/pr/1248/head
7c2b99c971597f1f79312e0a56a5f671d08e8b93	refs/ghprsq/pr/1582/result
7c738be4676a47f2ef297f6bceead3c3ac422a5c	refs/ghprsq/pr/1595/head
7c98ddf46abe44d5743343a173d8818fbadb5e30	refs/ghprsq/pr/1554/head
7cce8dd02ec99fe6483ab5871d42484654eaa88e	refs/ghprsq/pr/1521/head
7db94339b7890d5deaa598c21fd1c0027ba18bc0	refs/ghprsq/pr/1454/result
7de14f38ff86133a6cca8d524b8e215a78a7294b	refs/ghprsq/pr/1154/head
7e6412f3ea24c2b2a6feb438086f4554ddc9ddbc	refs/ghprsq/pr/1387/result
7e6412f3ea24c2b2a6feb438086f4554ddc9ddbc	refs/ghprsq/pr/1399/base
7e982c18ad5f3d9bf74759e760e2d4a949aa052d	refs/ghprsq/pr/1190/head
7ea2cc506095225fa252b61ba0d84150356b7dd0	refs/ghprsq/pr/1161/result
7ea2cc506095225fa252b61ba0d84150356b7dd0	refs/ghprsq/pr/1167/base
7f115e9688ac03ed564b294c819624f7b28fb237	refs/ghprsq/pr/1591/base
7f115e9688ac03ed564b294c819624f7b28fb237	refs/ghprsq/pr/1593/result
7fe5259baa723087bbd86a55dc57e4590c41fa2d	refs/ghprsq/pr/1480/head
8003ecbaaa868181ffeffd3a398ad634aafc302a	refs/ghprsq/pr/1411/head
81096635a48a8c971560bc5a946cf5885121fe6a	refs/ghprsq/pr/1541/result
81096635a48a8c971560bc5a946cf5885121fe6a	refs/ghprsq/pr/1543/base
813ee6a982f56994346e3b6fa1cff80872ffeef6	refs/ghprsq/pr/1586/base
813ee6a982f56994346e3b6fa1cff80872ffeef6	refs/ghprsq/pr/1590/result
814748195250eef60b859304f7dcb2334ba67edc	refs/ghprsq/pr/1174/base
814748195250eef60b859304f7dcb2334ba67edc	refs/ghprsq/pr/1182/result
8206b78cff754521c8dffdb2fc7aea2f786f842d	refs/ghprsq/pr/1479/head
828b4f5ade2770cb23ec80cfd1281644053bb4d7	refs/ghprsq/pr/1586/head
83a885ac96e79d74418d72cd2d7cebe2cd242264	refs/ghprsq/pr/1552/result
83a885ac96e79d74418d72cd2d7cebe2cd242264	refs/ghprsq/pr/1560/base
83d3fe06f7d53c836a84454972bd048f143f6d37	refs/ghprsq/pr/1165/head
844ceb5697c6afcb918721852c96628ef413b20b	refs/ghprsq/pr/1554/base
84b2b3b8743195ccd6bb9c2dd07a31c228ac58c3	refs/ghprsq/pr/1249/result
84b2b3b8743195ccd6bb9c2dd07a31c228ac58c3	refs/ghprsq/pr/1251/base
84c0d2601d8f0d738c38724e108e2cdb905a79a5	refs/ghprsq/pr/1499/base
84e0f1ab4ab03eb0f68af01fb09cf8bd7c314d97	refs/ghprsq/pr/1396/base
84e0f1ab4ab03eb0f68af01fb09cf8bd7c314d97	refs/ghprsq/pr/1399/result
84f8f423e51a4b00efe7742a62882f0e2ea74081	refs/ghprsq/pr/1412/result
84f8f423e51a4b00efe7742a62882f0e2ea74081	refs/ghprsq/pr/1416/base
85efd2b94c25ead275e4c46e99ca9f6bc693c788	refs/ghprsq/pr/1584/head
86b26b9e8b7d5e3b5d9d8ea5d7566e861580459e	refs/ghprsq/pr/1160/result
86b26b9e8b7d5e3b5d9d8ea5d7566e861580459e	refs/ghprsq/pr/1163/base
86b99ce0d452aa8a7756cd091106be4f53c69a70	refs/ghprsq/pr/1594/result
86b99ce0d452aa8a7756cd091106be4f53c69a70	refs/ghprsq/pr/1597/base
8876ff67282be91d84fce706c63be44d3c7d284e	refs/ghprsq/pr/1244/result
8876ff67282be91d84fce706c63be44d3c7d284e	refs/ghprsq/pr/1245/base
88e2238e8468b401a85c4d8351f8bb53b88444a9	refs/ghprsq/pr/1230/head
8905531b6470e4d8a2cfcedf41936f97382966ca	refs/ghprsq/pr/1218/result
8905531b6470e4d8a2cfcedf41936f97382966ca	refs/ghprsq/pr/1233/base
8ac3f4044c5fc1cba5cfa9ad293019ac3ca70112	refs/ghprsq/pr/1175/result
8ac3f4044c5fc1cba5cfa9ad293019ac3ca70112	refs/ghprsq/pr/1180/base
8b20e5fe85756438af2596c7a221f2b197115eca	refs/ghprsq/pr/1263/head
8bed58cf982d63ce81052a825de375c5a9f13d5e	refs/ghprsq/pr/1276/head
8c6e4bd6e4fab626796d083661eef1787fcf1cb1	refs/ghprsq/pr/1206/base
8cf3850ddfe98b814838534a0c76e74a65720d0e	refs/ghprsq/pr/1167/head
8d602b50ca501ba4c4d62548441ebf95081f0634	refs/ghprsq/pr/1207/head
8dc65028b7887f5441f0619c4e2b019dd20de543	refs/ghprsq/pr/1515/head
8e0649fb91dc46249e4003ccc57c421a594b834a	refs/ghprsq/pr/1274/head
8ec8cf072c36eb22665da2d1c6a70ca77a11c72e	refs/ghprsq/pr/1232/base
8ec8cf072c36eb22665da2d1c6a70ca77a11c72e	refs/ghprsq/pr/1234/result
8eca0cf747b6fb29abdec673e98683041f1852c9	refs/ghprsq/pr/1206/head
8fde5df306d291b2823624ea7d0f25dbee011f85	refs/ghprsq/pr/1573/head
9032c2f6e6b8803488842e85478612ce3944d242	refs/ghprsq/pr/1607/result
905f466d37ff27d78dfa68dba2fc4520a683461f	refs/ghprsq/pr/1275/head
905fd8d19bd0949221bd9ef10f86268e13da878e	refs/ghprsq/pr/1242/head
9254bfa5a6bbd6c5fd8d12b1bbbe75320f638a8e	refs/ghprsq/pr/1522/head
933ae3a055b8867d3bf3050f8fc1f626da818284	refs/ghprsq/pr/1250/head
93c387de2dc265580c66f71c1565c28cbe269acb	refs/ghprsq/pr/1205/head
94a52a873d54eeba760eee7a18382c3c0a311e71	refs/ghprsq/pr/1276/result
94a52a873d54eeba760eee7a18382c3c0a311e71	refs/ghprsq/pr/1283/base
957021d920dabd0d5b800efc7618c21c0bafae7e	refs/ghprsq/pr/1316/result
9580f92014cb3e77a16f82dff0b6968c03095558	refs/ghprsq/pr/1289/head
965539b6b66be34ae0b5961b81cf7628bfcae8cc	refs/ghprsq/pr/1174/head
9667aeae6fb4e20073eb0323112a4434adcfcb5f	refs/ghprsq/pr/1333/head
969c6ad26e05df157c8d1c7de1bcd27d55016bbd	refs/ghprsq/pr/1176/head
96d62e9586a1f85114cf81c074a2af9609e88c78	refs/ghprsq/pr/1496/result
96d62e9586a1f85114cf81c074a2af9609e88c78	refs/ghprsq/pr/1502/base
978ca14b5d33f25d6672b4b46ee16348a11c842f	refs/ghprsq/pr/1360/head
9917ca7d6e0d46e80ac8bab8ed938f1b83032c04	refs/ghprsq/pr/1248/base
9917ca7d6e0d46e80ac8bab8ed938f1b83032c04	refs/ghprsq/pr/1250/result
9a46b342a565772724c70c9dc6dd9cb7f1552539	refs/ghprsq/pr/1334/base
9a46b342a565772724c70c9dc6dd9cb7f1552539	refs/ghprsq/pr/1335/result
9c2f60d226d3f0e878048168017564d9c8e37310	refs/ghprsq/pr/1431/head
9c777fd36d0327b0e5aff6e4953193b31208b1a2	refs/ghprsq/pr/1149/result
9c777fd36d0327b0e5aff6e4953193b31208b1a2	refs/ghprsq/pr/1157/base
9c8c933cf5d84fdb7d5eb5ea164bb2cc3ccedcbd	refs/ghprsq/pr/1288/result
9eab53f1a02dc5e3d62c5c34af9ca4fce691e343	refs/ghprsq/pr/1588/result
9eab53f1a02dc5e3d62c5c34af9ca4fce691e343	refs/ghprsq/pr/1590/base
9f217eb17bbc01d48cf5d8cdf3739341e3592e99	refs/ghprsq/pr/1150/result
9f217eb17bbc01d48cf5d8cdf3739341e3592e99	refs/ghprsq/pr/1151/base
9f93505af3c10440ff138ecffcf1142e25348f88	refs/ghprsq/pr/1275/result
9f93505af3c10440ff138ecffcf1142e25348f88	refs/ghprsq/pr/1281/base
9fb2ba6675e4dc67dfe1f898482c4910906d7b07	refs/ghprsq/pr/1583/head
a00c4705b34408fa8ed66ef3166f7c59c8c554f6	refs/ghprsq/pr/1140/result
a03fe29547813a5b36d3298a7f05e41217e4a0ae	refs/ghprsq/pr/1321/head
a0476a43f1c958ce38425b9ef5537ca438468a3f	refs/ghprsq/pr/1479/result
a0476a43f1c958ce38425b9ef5537ca438468a3f	refs/ghprsq/pr/1481/base
a0fccf556bdd7d6f1904ccff237ac2c3f413313f	refs/ghprsq/pr/1390/base
a0fccf556bdd7d6f1904ccff237ac2c3f413313f	refs/ghprsq/pr/1395/result
a130dcc9d407589d3163cec8e899b68d303c4721	refs/ghprsq/pr/1319/head
a1d36b1e68cbe58d69608d021fea8f8daf1412cd	refs/ghprsq/pr/1489/result
a1d36b1e68cbe58d69608d021fea8f8daf1412cd	refs/ghprsq/pr/1490/base
a280e2372b00cf9d4eca04b561ec58700d5ca232	refs/ghprsq/pr/1219/result
a280e2372b00cf9d4eca04b561ec58700d5ca232	refs/ghprsq/pr/1228/base
a2ddb4abf5deed2f925c1c0093f53ed77551b358	refs/ghprsq/pr/1552/head
a32c807aa086de6dd00eb883dfb183293399e52b	refs/ghprsq/pr/1507/head
a4b4d4349baf739e7fd8a93f233c0f211fd0d0b9	refs/ghprsq/pr/1502/head
a708f6926a002a403f6d6ea4c9506f7db7ea4a40	refs/ghprsq/pr/1519/head
a77563b3db6e2e90fd4acbf8cf7cee187897dc6c	refs/ghprsq/pr/1573/result
a8295f072b0b7aa806fb44f3fa2084ec24185683	refs/ghprsq/pr/1154/base
a8295f072b0b7aa806fb44f3fa2084ec24185683	refs/ghprsq/pr/1159/result
a861ad8557996bc442d6413d7e1816c32ceaaa8f	refs/ghprsq/pr/1263/result
a861ad8557996bc442d6413d7e1816c32ceaaa8f	refs/ghprsq/pr/1275/base
a9f4bb06f2ac25e166cea6fd6992eda9ec2aec8c	refs/ghprsq/pr/1578/base
a9fbee48706ecfb7739bf0d79edb71c8893c317e	refs/ghprsq/pr/1347/result
a9fbee48706ecfb7739bf0d79edb71c8893c317e	refs/ghprsq/pr/1352/base
aa41556f2899ef6ca8c3376eb7ad936ca55d7208	refs/ghprsq/pr/1188/head
aa792e8540a30a4fcc3f0ef1bb2424cb12970aae	refs/ghprsq/pr/1148/head
aafc9a9a6a4de2e30d2c68566ee4e9b50d490886	refs/ghprsq/pr/1182/head
ab6e060592292976ad1c6aad71b9a948ecfdb573	refs/ghprsq/pr/1523/head
ab7b45c8aaba22eef00b979f0cc2858d5e89ab83	refs/ghprsq/pr/1251/result
ab8a1fa848a4970675870062502a6a9d5cd2f3b9	refs/ghprsq/pr/1213/result
ab8a1fa848a4970675870062502a6a9d5cd2f3b9	refs/ghprsq/pr/1215/base
abed2db8e71362b4ada2a7fa8fcbcf271cd689df	refs/ghprsq/pr/1432/result
abed2db8e71362b4ada2a7fa8fcbcf271cd689df	refs/ghprsq/pr/1455/base
ac3a89470480ff43efdefc64344f9a24fda4f71c	refs/ghprsq/pr/1146/base
ac3a89470480ff43efdefc64344f9a24fda4f71c	refs/ghprsq/pr/1151/result
adc470041e0e20c083b16e19b865dbedef9a8da0	refs/ghprsq/pr/1347/head
adcc14a45091b12e875523c21b20b4fb2ec2dded	refs/ghprsq/pr/1176/base
adcc14a45091b12e875523c21b20b4fb2ec2dded	refs/ghprsq/pr/1181/result
af2b04d346fe2cf50d1d4343e537c86d98f06f16	refs/ghprsq/pr/1472/head
afac0c8ca64364bf18d113a8827b9a31c5ca8811	refs/ghprsq/pr/1484/result
afac0c8ca64364bf18d113a8827b9a31c5ca8811	refs/ghprsq/pr/1486/base
b0c206af7981156e64a1d7274495b99d1377d017	refs/ghprsq/pr/1432/base
b0c206af7981156e64a1d7274495b99d1377d017	refs/ghprsq/pr/1445/result
b0dd787935e141ad6d1ae972769db603c977a8da	refs/ghprsq/pr/1388/head
b0fc8891e108a81c469f6325da83e10b38bb7acd	refs/ghprsq/pr/1357/head
b249246aa190cbc903492aa06b0256be7fa41eea	refs/ghprsq/pr/1542/head
b2872a8baa5e772c78b5294c838fdc8b913e2c0c	refs/ghprsq/pr/1360/result
b2872a8baa5e772c78b5294c838fdc8b913e2c0c	refs/ghprsq/pr/1388/base
b2e68769ce5d2370b5f8a8c8f027478768311bb8	refs/ghprsq/pr/1471/head
b406718aefbebb8380c3079d4bd86454edfd0a11	refs/ghprsq/pr/1599/head
b504fb827679a09f787f0eb4ad20eb595fcc3b7f	refs/ghprsq/pr/1159/head
b523dd9b424b1edadceefb856155d21aff8bbab5	refs/ghprsq/pr/1135/base
b523dd9b424b1edadceefb856155d21aff8bbab5	refs/ghprsq/pr/1138/result
b5dce29cfa15c61e245ee36cd51e882b27ca1510	refs/ghprsq/pr/1137/base
b6ab7c50e862c3ae64cff77ee1b7c867f65cbf3c	refs/ghprsq/pr/1154/result
b6ab7c50e862c3ae64cff77ee1b7c867f65cbf3c	refs/ghprsq/pr/1158/base
b70c8ee12130138d4ee162167738d369d329a39b	refs/ghprsq/pr/1337/head
b72b46d002d19226f26fc6a5c715f5f9fc153f17	refs/ghprsq/pr/1241/head
b784b276b978d913e92a0478ff0edb4b8b5ae10f	refs/ghprsq/pr/1206/result
b784b276b978d913e92a0478ff0edb4b8b5ae10f	refs/ghprsq/pr/1213/base
b78981df5316dcd4472c214ac7276a01c0329704	refs/ghprsq/pr/1170/head
b79ac7fb55524d46252219d7354123de6d3f97d9	refs/ghprsq/pr/1281/result
b79ac7fb55524d46252219d7354123de6d3f97d9	refs/ghprsq/pr/1282/base
b8d11edd0d0603977c626856ae9e0f34b4ce1573	refs/ghprsq/pr/1576/base
b90c783110a343317adaca794c2f57214548b4ff	refs/ghprsq/pr/1507/base
b90c783110a343317adaca794c2f57214548b4ff	refs/ghprsq/pr/1512/result
baa969c71ebede586aacaf27d012bc30dc5f4b20	refs/ghprsq/pr/1158/head
bc9838d845a686f5e4358e5fc4fa4902c0e798c4	refs/ghprsq/pr/1561/result
bc98645df8a86eb3f5e0af848f8cd9ca8a5ab367	refs/ghprsq/pr/1320/head
bec6d64e9c6f6246baacb37187cbb3fd413ee6d0	refs/ghprsq/pr/1575/result
bf4b1cddca62e1a42b13cc825db8e622835e99f3	refs/ghprsq/pr/1575/head
bfa4c4d6a820e964882700cf8bae2e1fb2629014	refs/ghprsq/pr/1293/head
c07ecc6cc02910b981ba58fe8d45ef0250888e86	refs/ghprsq/pr/1134/result
c0c3e963a907710cd70cad7f0715820f1b0485f7	refs/ghprsq/pr/1289/base
c12862a768575bc3e9f1f46c92ffec1f2b31f18a	refs/ghprsq/pr/1176/result
c12862a768575bc3e9f1f46c92ffec1f2b31f18a	refs/ghprsq/pr/1184/base
c32d4f8fc951083e9766005310cbe1f8366f0b0a	refs/ghprsq/pr/1548/base
c32d4f8fc951083e9766005310cbe1f8366f0b0a	refs/ghprsq/pr/1574/result
c45d5e3b1dfe560868ecf41f61f669cf2a30af0f	refs/ghprsq/pr/1180/head
c5cb113be89f81571cdbaae17066a5f87e969482	refs/ghprsq/pr/1473/base
c6135602655230c792a875431f241abf701d4c6d	refs/ghprsq/pr/1321/result
c6135602655230c792a875431f241abf701d4c6d	refs/ghprsq/pr/1326/base
c6a63c201ac05a193ab56982faa6366025330754	refs/ghprsq/pr/1416/head
c6fd2174ed6a2d0add1d6c61a86fb50da0bc0352	refs/ghprsq/pr/1184/result
c6fd2174ed6a2d0add1d6c61a86fb50da0bc0352	refs/ghprsq/pr/1185/base
c7a5b9e39ad6f80d038177c02385729cf514f583	refs/ghprsq/pr/1594/head
c7f18616211d9451adcdb0ba3d682a1ddf6ba1ce	refs/ghprsq/pr/1545/head
c8981b9b9507a2d39aae93f5abc241b5f4206018	refs/ghprsq/pr/1580/head
c9580af90c7c66e1008e72d2af499a33ae902907	refs/ghprsq/pr/1587/head
c98e4b4e706407957972ca13588bd2076db05e84	refs/ghprsq/pr/1400/base
c98e4b4e706407957972ca13588bd2076db05e84	refs/ghprsq/pr/1431/result
caba6f062aba34390c66f685a5901b8a0e379417	refs/ghprsq/pr/1240/result
caba6f062aba34390c66f685a5901b8a0e379417	refs/ghprsq/pr/1241/base
cb5de101b8e1587325946dcb0401cc6d77b4963c	refs/ghprsq/pr/1235/head
cb9f46a1f04bac67f58f744e1b431768af21ab80	refs/ghprsq/pr/1167/result
cb9f46a1f04bac67f58f744e1b431768af21ab80	refs/ghprsq/pr/1173/base
cbf6d52ef307c77658f221768cfda33a65bfa5ba	refs/ghprsq/pr/1277/base
cbf6d52ef307c77658f221768cfda33a65bfa5ba	refs/ghprsq/pr/1282/result
cc98bd9122c98efcd3797b9fd598bf5c960c3056	refs/ghprsq/pr/1386/base
cc98bd9122c98efcd3797b9fd598bf5c960c3056	refs/ghprsq/pr/1391/result
ccfb4df165698c267745e4ec1f2483fbbfa62a71	refs/ghprsq/pr/1497/head
cd887e44e8fb817c6970cd2819f43d1c982459e7	refs/ghprsq/pr/1596/base
cd887e44e8fb817c6970cd2819f43d1c982459e7	refs/ghprsq/pr/1599/result
cec3203b425eef107f26d3d669658de4a0167a8f	refs/ghprsq/pr/1146/head
cf149a1832804a5785c74800aa9b02a6baf3e2f1	refs/ghprsq/pr/1588/head
cf5b01ae1e8e417cf61c67cf5ec2128a8651e303	refs/ghprsq/pr/1353/head
cfaa07e0676ad378419b44f79b3d9ad18d2f7cb8	refs/ghprsq/pr/1165/result
cfaa07e0676ad378419b44f79b3d9ad18d2f7cb8	refs/ghprsq/pr/1168/base
cfaa17e765e42b3d51ba8838e04c444fb6df68fa	refs/ghprsq/pr/1207/result
d07e57bfd9789f3367141189f0e95f07962cfe22	refs/ghprsq/pr/1263/base
d07e57bfd9789f3367141189f0e95f07962cfe22	refs/ghprsq/pr/1274/result
d0ec99bb1f02b2f37e81d018e610c644216f748e	refs/ghprsq/pr/1453/result
d0ec99bb1f02b2f37e81d018e610c644216f748e	refs/ghprsq/pr/1454/base
d195686f5e7f4bfed1c5b85afcf89f931aaa384e	refs/ghprsq/pr/1180/result
d195686f5e7f4bfed1c5b85afcf89f931aaa384e	refs/ghprsq/pr/1182/base
d1a70c1e03ed37f217aa7e765d3d0e348434795c	refs/ghprsq/pr/1604/head
d1cfe5824240a9c5ed25814d65f602efd23d4507	refs/ghprsq/pr/1396/head
d1fda0fb11c06e3c477d928bd681a871950ababc	refs/ghprsq/pr/1139/base
d272e8d78feb296dd1680bfa85548976f4c450ff	refs/ghprsq/pr/1543/head
d2c829467d01d58ed4ed2059bc18c281727ed89e	refs/ghprsq/pr/1253/base
d2e5a7ca4239d1ded73365e1c3b08a6ec9ccb2ae	refs/ghprsq/pr/1471/result
d2e5a7ca4239d1ded73365e1c3b08a6ec9ccb2ae	refs/ghprsq/pr/1472/base
d3ddce651485e5b20ac8b5d7e1621741f1e0de38	refs/ghprsq/pr/1488/result
d3ddce651485e5b20ac8b5d7e1621741f1e0de38	refs/ghprsq/pr/1489/base
d4f9b438b27b5b1094170a830d11a4ccbc0cc37e	refs/ghprsq/pr/1585/base
d4f9b438b27b5b1094170a830d11a4ccbc0cc37e	refs/ghprsq/pr/1587/result
d4fb50ad434cc1ac0e4fe92b332561470652f7f2	refs/ghprsq/pr/1189/base
d4fb50ad434cc1ac0e4fe92b332561470652f7f2	refs/ghprsq/pr/1190/result
d51c45609dc0e44a634b3502b7006c89fdab6a6c	refs/ghprsq/pr/1386/result
d51c45609dc0e44a634b3502b7006c89fdab6a6c	refs/ghprsq/pr/1393/base
d59319fdcd21ed7b83ca4648a0f4766612d873e3	refs/ghprsq/pr/1339/result
d59319fdcd21ed7b83ca4648a0f4766612d873e3	refs/ghprsq/pr/1347/base
d76b607560e0d3ceb04975616e9689413d47cd81	refs/ghprsq/pr/1179/result
d76b607560e0d3ceb04975616e9689413d47cd81	refs/ghprsq/pr/1187/base
d7745068f59b6dee187ab6b806bd2c04c9a1280a	refs/ghprsq/pr/1574/base
d855f16e2b6f41fc992c3023c7982372203cbeb4	refs/ghprsq/pr/1574/head
d87578b05f58663987a2f47db53766144682f643	refs/ghprsq/pr/1317/base
d92ea48f27e570faecf1c13d32ef4a8a50d28e71	refs/ghprsq/pr/1318/head
d976514d4e917999d173814ff35a7757a23bd390	refs/ghprsq/pr/1378/head
d97d044cc6cda958db9690f704851faba5e9b7b5	refs/ghprsq/pr/1545/result
d97d044cc6cda958db9690f704851faba5e9b7b5	refs/ghprsq/pr/1547/base
da09ea889e5b004fe54740607b59243cb0ede6d1	refs/ghprsq/pr/1480/base
da09ea889e5b004fe54740607b59243cb0ede6d1	refs/ghprsq/pr/1481/result
da30ea9ddef936e38efeea0fe119da450a30d19c	refs/ghprsq/pr/1139/result
da30ea9ddef936e38efeea0fe119da450a30d19c	refs/ghprsq/pr/1140/base
da428b276db0a2ba8993ac705e4f391eadd146f1	refs/ghprsq/pr/1414/result
da428b276db0a2ba8993ac705e4f391eadd146f1	refs/ghprsq/pr/1445/base
da586bf604664ec92d949c592daeed6fcf63fea3	refs/ghprsq/pr/1454/head
db22b8032f89922242730495fefd04d26247c15a	refs/ghprsq/pr/1177/head
db22cfbaa46a6a5b7ec83ce542d98591cde790a0	refs/ghprsq/pr/1243/head
db726f9215a8a7e06e6763bc7584dcdd106b14bb	refs/ghprsq/pr/1174/result
db726f9215a8a7e06e6763bc7584dcdd106b14bb	refs/ghprsq/pr/1183/base
dcc4b964208b9ee4d2356d39bb0a7873aea614c6	refs/ghprsq/pr/1183/head
dd41d50244df6081a64d556b1b5a2d67bf533287	refs/ghprsq/pr/1457/base
dd7597c5cf6f4320cc9dd6338e5b6dc01b698810	refs/ghprsq/pr/1578/head
de7e8fd9239b9adbc1ddb5b70d675c287f222efc	refs/ghprsq/pr/1523/result
de7e8fd9239b9adbc1ddb5b70d675c287f222efc	refs/ghprsq/pr/1540/base
df333422226885d35907a00ff1cae76d639747e4	refs/ghprsq/pr/1292/head
df57b42a157ece9a73480562e1976f03595db834	refs/ghprsq/pr/1177/result
df57b42a157ece9a73480562e1976f03595db834	refs/ghprsq/pr/1181/base
e0990f72dc4ec77b0a6d08921662ba3f56babc11	refs/ghprsq/pr/1576/head
e0c7b78da5d6b43998006abbca9d95a2e6807abb	refs/ghprsq/pr/1585/result
e0c7b78da5d6b43998006abbca9d95a2e6807abb	refs/ghprsq/pr/1588/base
e17f825f3d1808040d363559ded26de7bd1054cd	refs/ghprsq/pr/1519/result
e17f825f3d1808040d363559ded26de7bd1054cd	refs/ghprsq/pr/1520/base
e1db60185803e93efa5fa62048e8d38e6a71cdf6	refs/ghprsq/pr/1196/base
e1db60185803e93efa5fa62048e8d38e6a71cdf6	refs/ghprsq/pr/1198/result
e28f92e3d3458c42f6769cfc0e145e68cfddb6d6	refs/ghprsq/pr/1218/head
e332141f41748f03de0ea101264b71ed731e0f37	refs/ghprsq/pr/1486/head
e374700dd6fd3a7e8dd5b3738714980526eb4761	refs/ghprsq/pr/1569/head
e3847aef105c128d624ff401e068aea71fca3c73	refs/ghprsq/pr/1494/base
e3847aef105c128d624ff401e068aea71fca3c73	refs/ghprsq/pr/1497/result
e3fbf806ee47d2fe1c039750ca49a9a1714bb96b	refs/ghprsq/pr/1244/head
e43c476b896cae1df9b00d037e36f23ce5e0f4c9	refs/ghprsq/pr/1500/head
e4cc1be31c2c952af22f34b6bcd57673a8b6a6cd	refs/ghprsq/pr/1356/head
e54885fc614e6500c49f3daf966867962b857b3e	refs/ghprsq/pr/1513/result
e54885fc614e6500c49f3daf966867962b857b3e	refs/ghprsq/pr/1514/base
e5555de89cf625d06340777eddf94bc29d7a9ea2	refs/ghprsq/pr/1338/result
e5555de89cf625d06340777eddf94bc29d7a9ea2	refs/ghprsq/pr/1339/base
e57ff4278ad369ef08304a8b9124377879b03a26	refs/ghprsq/pr/1505/result
e57ff4278ad369ef08304a8b9124377879b03a26	refs/ghprsq/pr/1506/base
e5d3b1203f6e86c896eec94149f10fede6007509	refs/ghprsq/pr/1521/base
e5d3b1203f6e86c896eec94149f10fede6007509	refs/ghprsq/pr/1522/result
e5f6269b8fe22ec885b655c04fc675f9f13b7431	refs/ghprsq/pr/1163/result
e5f6269b8fe22ec885b655c04fc675f9f13b7431	refs/ghprsq/pr/1164/base
e69cd3182a64f484f10982b5a7879e5c74333cc2	refs/ghprsq/pr/1196/result
e69cd3182a64f484f10982b5a7879e5c74333cc2	refs/ghprsq/pr/1205/base
e6a55a612a92d894f569ad8d921bf479039deac3	refs/ghprsq/pr/1335/head
e8ad4ad3c933fa43283dbe11a3c7abddd15d0e3e	refs/ghprsq/pr/1157/head
e9cd9bf984e796196d80972752a6e46f90a582d8	refs/ghprsq/pr/1313/head
e9f8f17d1832f92ae6240b6b9e010656ec35b068	refs/ghprsq/pr/1253/head
ea0799da3980850e5d1e1c5bd4c339d097ae5f23	refs/ghprsq/pr/1583/result
ea0799da3980850e5d1e1c5bd4c339d097ae5f23	refs/ghprsq/pr/1584/base
ea170297208c218f9e3201acfb5b86c68ba2ac75	refs/ghprsq/pr/1496/head
ea8b3d3cb7d8503826710f447f9676c4650acf68	refs/ghprsq/pr/1161/base
ea8b3d3cb7d8503826710f447f9676c4650acf68	refs/ghprsq/pr/1164/result
ea9a7a768005600787d4e95e0c17f7b6d8076c5d	refs/ghprsq/pr/1359/result
ea9a7a768005600787d4e95e0c17f7b6d8076c5d	refs/ghprsq/pr/1361/base
ec1bc859ac0fa043d25aadc5b9ef29f81d52dd7c	refs/ghprsq/pr/1480/result
ec1bc859ac0fa043d25aadc5b9ef29f81d52dd7c	refs/ghprsq/pr/1483/base
ec520d6ecdd1f700415eb765517f9a818c206a93	refs/ghprsq/pr/1139/head
ec707b5a1816f9b685ae844b2a2402bb98eb2e6b	refs/ghprsq/pr/1494/head
ed30aba10c2297a4c49d24b956e33c43c50f4d79	refs/ghprsq/pr/1359/head
ed960684b2a8dd48045725ca3574579c96cc7320	refs/ghprsq/pr/1520/result
ed960684b2a8dd48045725ca3574579c96cc7320	refs/ghprsq/pr/1522/base
ee6b6be4504eb68f26eef8a63843f6fb758357f1	refs/ghprsq/pr/1235/result
ef107395f6c696e94fefb22ba9303ad889a5e4f2	refs/ghprsq/pr/1387/head
f0142a44ceaf29357009e7b7fcd945505d74dbb0	refs/ghprsq/pr/1249/head
f0cec36c5c4ab478f0e0b15816f6c9782a12b426	refs/ghprsq/pr/1604/result
f0cec36c5c4ab478f0e0b15816f6c9782a12b426	refs/ghprsq/pr/1606/base
f0da60e016213fcecdd73f85c4bf5809e35c9cc2	refs/ghprsq/pr/1173/head
f0f630f475d0c51ac524d58b50fe982bcaf8cf2a	refs/ghprsq/pr/1286/result
f0f630f475d0c51ac524d58b50fe982bcaf8cf2a	refs/ghprsq/pr/1288/base
f1995fbf173e11f21f3361c6fe5d18ba4645607b	refs/ghprsq/pr/1506/result
f1995fbf173e11f21f3361c6fe5d18ba4645607b	refs/ghprsq/pr/1512/base
f1b783a6b87a7473dfbc355e6fbf252330031aee	refs/ghprsq/pr/1218/base
f1b783a6b87a7473dfbc355e6fbf252330031aee	refs/ghprsq/pr/1230/result
f1df56db6af2c9ae487e5f0aa5443bca8b775725	refs/ghprsq/pr/1319/result
f1df56db6af2c9ae487e5f0aa5443bca8b775725	refs/ghprsq/pr/1321/base
f23ba0707ead5af86c355f5ec9eb9a01c11f7f71	refs/ghprsq/pr/1178/head
f27301e432da718dd4e5e1a2fdc9e875a7e83fa1	refs/ghprsq/pr/1179/base
f27301e432da718dd4e5e1a2fdc9e875a7e83fa1	refs/ghprsq/pr/1185/result
f329ed756a0dcdd3dea854f80d9678ccb9369a61	refs/ghprsq/pr/1520/head
f32adc5b7fc679be38c4d090870fb96e27af5494	refs/ghprsq/pr/1394/head
f3ea7d775afc7defe8eba031afd66805f4e50228	refs/ghprsq/pr/1485/base
f3ea7d775afc7defe8eba031afd66805f4e50228	refs/ghprsq/pr/1486/result
f42d3aa96f1574cf7f9183639e7ed377ea75dfe7	refs/ghprsq/pr/1228/head
f49b67b2d5685f9f3479ea956e0ea249386f2651	refs/ghprsq/pr/1412/head
f513819a0c3b8e50f56e2bba1d46e76df517a802	refs/ghprsq/pr/1134/base
f5cf288db66b7b90ef693da4ec8a205357d04b90	refs/ghprsq/pr/1581/result
f5cf288db66b7b90ef693da4ec8a205357d04b90	refs/ghprsq/pr/1583/base
f68aa296ffdf2fad08d4a570706b9cfaa15a622e	refs/ghprsq/pr/1293/result
f68aa296ffdf2fad08d4a570706b9cfaa15a622e	refs/ghprsq/pr/1316/base
f7709221cce3ec865ab543b3939c1edd29f2a1cc	refs/ghprsq/pr/1328/result
f7709221cce3ec865ab543b3939c1edd29f2a1cc	refs/ghprsq/pr/1335/base
f776fe83493a55f3db75f7248a70a95f380a7d63	refs/ghprsq/pr/1597/result
f776fe83493a55f3db75f7248a70a95f380a7d63	refs/ghprsq/pr/1604/base
f93d968cdedb09aea0d6b2adb19988f9dab376f7	refs/ghprsq/pr/1168/result
f93d968cdedb09aea0d6b2adb19988f9dab376f7	refs/ghprsq/pr/1175/base
f9654fd08535cdc3427e0926747251c6d1bf4141	refs/ghprsq/pr/1473/result
f9e7347183eba579951fc075368ef3de8fffd765	refs/ghprsq/pr/1337/result
f9e7347183eba579951fc075368ef3de8fffd765	refs/ghprsq/pr/1338/base
fa8d6658d708d9807fbb39079f96ecae70f67a08	refs/ghprsq/pr/1477/head
fadcb30af88026651703c5372db4295d87c5c4a3	refs/ghprsq/pr/1581/head
fb74dbd940ba684cbcfb564da5b451596fe50fea	refs/ghprsq/pr/1158/result
fb74dbd940ba684cbcfb564da5b451596fe50fea	refs/ghprsq/pr/1162/base
fc07d691417971cfdb65f6688899b84284ba101f	refs/ghprsq/pr/1241/result
fc07d691417971cfdb65f6688899b84284ba101f	refs/ghprsq/pr/1243/base
fc18e4f1e48dd0ed57d96f9a7defecebfa6ba013	refs/ghprsq/pr/1147/head
fc9e657584e2ea470aa958b9ffd3e3bf2caecf4d	refs/ghprsq/pr/1361/head
fd2c45da3987836a5be1634d1bdb2ecca9675c58	refs/ghprsq/pr/1334/head
fd61a29b05e1f9ba7519fbbbb226c866ba3608c6	refs/ghprsq/pr/1276/base
fd61a29b05e1f9ba7519fbbbb226c866ba3608c6	refs/ghprsq/pr/1279/result
fd944ce075d1cc1c18ad80e58b577434537d1ab1	refs/ghprsq/pr/1242/base
fd944ce075d1cc1c18ad80e58b577434537d1ab1	refs/ghprsq/pr/1243/result
fdde1b5b4ad74d90e6c0c95b09d5e9f2c23d0da9	refs/ghprsq/pr/1175/head
fe58b57b3cee943288a8bddd445d915d7efb92af	refs/ghprsq/pr/1285/result
fe58b57b3cee943288a8bddd445d915d7efb92af	refs/ghprsq/pr/1318/base
fe7244a5bf6a202bbfb68a3b9212f31ac53e91dd	refs/ghprsq/pr/1549/base
fe7244a5bf6a202bbfb68a3b9212f31ac53e91dd	refs/ghprsq/pr/1569/result
fee07eda437f67297d30c24d4acee2df473874b9	refs/ghprsq/pr/1500/result
fee07eda437f67297d30c24d4acee2df473874b9	refs/ghprsq/pr/1504/base
ff47c43b0178e1b8f00c0fa1ed5076257a17917b	refs/ghprsq/pr/1453/head
ff75b5e883734953c2de341c219494b1da51588b	refs/ghprsq/pr/1293/base
ff75b5e883734953c2de341c219494b1da51588b	refs/ghprsq/pr/1315/result
