f513819a0c3b8e50f56e2bba1d46e76df517a802	cacd956646ba6e5dd5dd05dfa633b209cf6ad84a	refs/ghprsq/pr/1134/base
6fc01f1df790b2360107dca8bf7059aa5a2fa1b2	cf0a3d74afac662fc790d6eaab9a5e767e6a742a	refs/ghprsq/pr/1134/head
c07ecc6cc02910b981ba58fe8d45ef0250888e86	13fa5609e8cd892dbbb74b2cce94471b254a375d	refs/ghprsq/pr/1134/result
b523dd9b424b1edadceefb856155d21aff8bbab5	97973ca0be450bafef2846578ed24aa2707c6963	refs/ghprsq/pr/1135/base
43b814fa1a689562ecde12ee13ad17c4ca792896	8b05d740637ba55c3a014a7fe0223d250512f3f5	refs/ghprsq/pr/1135/head
6c80b9ea4bb82c9b54985ff34c1b4357ae7cd965	33220dd33ee3999353039dc778f4edbb11eed27f	refs/ghprsq/pr/1135/result
b5dce29cfa15c61e245ee36cd51e882b27ca1510	ff9225fee88a07a47384bac5f2d52839bbb0ac17	refs/ghprsq/pr/1137/base
65281d0c033b79c8f18ee4331d684d2cd79173be	d08d50e6bd5a46a2601db19f1768633eff1d345b	refs/ghprsq/pr/1137/head
529a751a1e99ad9662376f76db63653a452272b0	9b022e0b4851932858cd19a3c752c5340537ffe2	refs/ghprsq/pr/1137/result
529a751a1e99ad9662376f76db63653a452272b0	9b022e0b4851932858cd19a3c752c5340537ffe2	refs/ghprsq/pr/1138/base
450338e2ddecaef36f5db83242fa70f0a8a1e45f	d4cc7d8236fd1011253664a1fbf77166a89314a6	refs/ghprsq/pr/1138/head
b523dd9b424b1edadceefb856155d21aff8bbab5	97973ca0be450bafef2846578ed24aa2707c6963	refs/ghprsq/pr/1138/result
d1fda0fb11c06e3c477d928bd681a871950ababc	42c52743377503566fc690c898e7ec7b3d9855f2	refs/ghprsq/pr/1139/base
ec520d6ecdd1f700415eb765517f9a818c206a93	c7a50693fdb63e1765cac1e1f28fdc0f6ed5b353	refs/ghprsq/pr/1139/head
da30ea9ddef936e38efeea0fe119da450a30d19c	642a8ddbc5e38b0ac15387ab078f7a8efd6b309a	refs/ghprsq/pr/1139/result
da30ea9ddef936e38efeea0fe119da450a30d19c	642a8ddbc5e38b0ac15387ab078f7a8efd6b309a	refs/ghprsq/pr/1140/base
47d07d7e65940367431acf149d9a074a2bb10693	9f1089d1507e8ea1a93e77b273085d84af62b0a9	refs/ghprsq/pr/1140/head
a00c4705b34408fa8ed66ef3166f7c59c8c554f6	622e0b1bd0c65b249d71a171a90ba35b30a23eec	refs/ghprsq/pr/1140/result
ac3a89470480ff43efdefc64344f9a24fda4f71c	8630852416d4a30618948a8aeed4c761177ef385	refs/ghprsq/pr/1146/base
cec3203b425eef107f26d3d669658de4a0167a8f	a506c4710aa3ece7b18080251c125c16d5f05036	refs/ghprsq/pr/1146/head
1732d2222ec6207c248949d8589de7c727a8b6cf	3d8f594a7a197ea530e7d0b32e18340cc5595b9f	refs/ghprsq/pr/1146/result
1732d2222ec6207c248949d8589de7c727a8b6cf	3d8f594a7a197ea530e7d0b32e18340cc5595b9f	refs/ghprsq/pr/1147/base
fc18e4f1e48dd0ed57d96f9a7defecebfa6ba013	3ee60398b39b968a0e8a82b28764b94c264949f2	refs/ghprsq/pr/1147/head
4b15c3810fd09e735b3af6c5518ce3b6d72fcd3d	d6a613265888b77a64ca745b0d5a0f1a2d643e98	refs/ghprsq/pr/1147/result
6c80b9ea4bb82c9b54985ff34c1b4357ae7cd965	33220dd33ee3999353039dc778f4edbb11eed27f	refs/ghprsq/pr/1148/base
aa792e8540a30a4fcc3f0ef1bb2424cb12970aae	f52bb8cbb82f26f48b6d8ebb390da8a2e781fd88	refs/ghprsq/pr/1148/head
219082801cb835b6762d578628d1f08c0c38902e	12cf26609d22c4c5d15b96f76ace738d7483dfd6	refs/ghprsq/pr/1148/result
496a80528f270b21808d2231d5e98f74fff14689	17e638980caafb3ff1b01cf99d964999dea9836e	refs/ghprsq/pr/1149/base
123d4d2585c62efa93a5124be2c248c0436a13fe	7dd372d09e7e2424be8863ffd9191a8a89ca24be	refs/ghprsq/pr/1149/head
9c777fd36d0327b0e5aff6e4953193b31208b1a2	5e81a1ba5ab9c57c69cd7b01d239542c7f7544f2	refs/ghprsq/pr/1149/result
219082801cb835b6762d578628d1f08c0c38902e	12cf26609d22c4c5d15b96f76ace738d7483dfd6	refs/ghprsq/pr/1150/base
1351e04b9149ca034a3595252928cd8909743772	0ab6e7f3d2a0c6e1cae374574e2f07d246842cb3	refs/ghprsq/pr/1150/head
9f217eb17bbc01d48cf5d8cdf3739341e3592e99	47d4adfbf08fa1f03efcc8e90a8df2dbaa3ba006	refs/ghprsq/pr/1150/result
9f217eb17bbc01d48cf5d8cdf3739341e3592e99	47d4adfbf08fa1f03efcc8e90a8df2dbaa3ba006	refs/ghprsq/pr/1151/base
48efd02b99b2702e4b2d164a08a99480821b8702	cd6c986afef1acc3019ab4def0c58749886b497e	refs/ghprsq/pr/1151/head
ac3a89470480ff43efdefc64344f9a24fda4f71c	8630852416d4a30618948a8aeed4c761177ef385	refs/ghprsq/pr/1151/result
4b15c3810fd09e735b3af6c5518ce3b6d72fcd3d	d6a613265888b77a64ca745b0d5a0f1a2d643e98	refs/ghprsq/pr/1152/base
35e6d71f8c6744f1e4362cd5ff8d005983e90c32	66f5a7b9ce10b241c56becf4516ab099146798c9	refs/ghprsq/pr/1152/head
496a80528f270b21808d2231d5e98f74fff14689	17e638980caafb3ff1b01cf99d964999dea9836e	refs/ghprsq/pr/1152/result
a8295f072b0b7aa806fb44f3fa2084ec24185683	ffe73181c9b8fb9dba1e69ef61edd7718b64d4ff	refs/ghprsq/pr/1154/base
7de14f38ff86133a6cca8d524b8e215a78a7294b	6e03527395ebadf51db57a9304c86f18cd5ba367	refs/ghprsq/pr/1154/head
b6ab7c50e862c3ae64cff77ee1b7c867f65cbf3c	e9209265655b261313973af1bde1c77d2a960140	refs/ghprsq/pr/1154/result
9c777fd36d0327b0e5aff6e4953193b31208b1a2	5e81a1ba5ab9c57c69cd7b01d239542c7f7544f2	refs/ghprsq/pr/1157/base
e8ad4ad3c933fa43283dbe11a3c7abddd15d0e3e	9e766339e989f5a3c99f4e8274c377348759c3d8	refs/ghprsq/pr/1157/head
4a1155c0e17fac605dbe2fac2022bd9b539f853f	9bff829f5480d8f948193fb18e33eff715acecf9	refs/ghprsq/pr/1157/result
b6ab7c50e862c3ae64cff77ee1b7c867f65cbf3c	e9209265655b261313973af1bde1c77d2a960140	refs/ghprsq/pr/1158/base
baa969c71ebede586aacaf27d012bc30dc5f4b20	94afa21ada538716b4342e7691cead450518edb4	refs/ghprsq/pr/1158/head
fb74dbd940ba684cbcfb564da5b451596fe50fea	b0fa88eab1f70b44ec9b6a426d805d07d20a3a8c	refs/ghprsq/pr/1158/result
4a1155c0e17fac605dbe2fac2022bd9b539f853f	9bff829f5480d8f948193fb18e33eff715acecf9	refs/ghprsq/pr/1159/base
b504fb827679a09f787f0eb4ad20eb595fcc3b7f	852babdd62c2445550ab08fed559171824f5c46f	refs/ghprsq/pr/1159/head
a8295f072b0b7aa806fb44f3fa2084ec24185683	ffe73181c9b8fb9dba1e69ef61edd7718b64d4ff	refs/ghprsq/pr/1159/result
5004d38fc69676307e70cacfae793f7f0f768033	f97ff63ba09be5b9c729150f74e469926cae396b	refs/ghprsq/pr/1160/base
63153c0e0de59d9a8b73d2c456cec3256a16c606	bec3036cb3a52b17a281decf494a4d340cee643b	refs/ghprsq/pr/1160/head
86b26b9e8b7d5e3b5d9d8ea5d7566e861580459e	ab05354af309e1dd24d520198e77c401ba783ee0	refs/ghprsq/pr/1160/result
ea8b3d3cb7d8503826710f447f9676c4650acf68	15fc1370cc0ad943a305b93dab75c1c4a7b5d7c3	refs/ghprsq/pr/1161/base
00e061c42d4e1985205f452bcd33a3129176cd1c	4a68929c6e0b2cbbd28c1f018d64b2afee2c5c78	refs/ghprsq/pr/1161/head
7ea2cc506095225fa252b61ba0d84150356b7dd0	73e2b4fb7fe4faab28110ef5db3b674e517be67b	refs/ghprsq/pr/1161/result
fb74dbd940ba684cbcfb564da5b451596fe50fea	b0fa88eab1f70b44ec9b6a426d805d07d20a3a8c	refs/ghprsq/pr/1162/base
1ababa3b24820b0b2d60d07425aa060c17393180	689c4addfc5aa649e4f7df705e5d8f983199322c	refs/ghprsq/pr/1162/head
5004d38fc69676307e70cacfae793f7f0f768033	f97ff63ba09be5b9c729150f74e469926cae396b	refs/ghprsq/pr/1162/result
86b26b9e8b7d5e3b5d9d8ea5d7566e861580459e	ab05354af309e1dd24d520198e77c401ba783ee0	refs/ghprsq/pr/1163/base
5ef88aaa5c1c3445b95fa6d0428c6d1a144b36e1	e22134d4766e31c4c1e7bbf1a3d438034bd35d0e	refs/ghprsq/pr/1163/head
e5f6269b8fe22ec885b655c04fc675f9f13b7431	bdcc5d2655ca934a5a5d6ff7b3f60e1693a152fe	refs/ghprsq/pr/1163/result
e5f6269b8fe22ec885b655c04fc675f9f13b7431	bdcc5d2655ca934a5a5d6ff7b3f60e1693a152fe	refs/ghprsq/pr/1164/base
0aa6144e8b88d85c4bbb97d1118a32ff74943f54	67ef406a8d2c56c66c72997aec8f8bec141827d2	refs/ghprsq/pr/1164/head
ea8b3d3cb7d8503826710f447f9676c4650acf68	15fc1370cc0ad943a305b93dab75c1c4a7b5d7c3	refs/ghprsq/pr/1164/result
10fc4d3c31025ccdb4ead08a10ea39a029f3b787	9d2a55b30bd5183cc3a69a6cf99ae76835c3b76b	refs/ghprsq/pr/1165/base
83d3fe06f7d53c836a84454972bd048f143f6d37	db2d4b72e133555199d37e5774f686c4dd129def	refs/ghprsq/pr/1165/head
cfaa07e0676ad378419b44f79b3d9ad18d2f7cb8	ab4e3a32541c1f532d65277671240b7ab32fcbb8	refs/ghprsq/pr/1165/result
7ea2cc506095225fa252b61ba0d84150356b7dd0	73e2b4fb7fe4faab28110ef5db3b674e517be67b	refs/ghprsq/pr/1167/base
8cf3850ddfe98b814838534a0c76e74a65720d0e	81af31ced1f9a365c4213ed7cee0fc848dc9563c	refs/ghprsq/pr/1167/head
cb9f46a1f04bac67f58f744e1b431768af21ab80	72efa6d3af230c9c0892754ea5e97c6dd4116c0d	refs/ghprsq/pr/1167/result
cfaa07e0676ad378419b44f79b3d9ad18d2f7cb8	ab4e3a32541c1f532d65277671240b7ab32fcbb8	refs/ghprsq/pr/1168/base
6df05dbf7deb62ce3b5e406fcbd092374f54f7de	e371bdc6a7090f0ecdbc0c0bd243f0d71faf7b54	refs/ghprsq/pr/1168/head
f93d968cdedb09aea0d6b2adb19988f9dab376f7	f10450d45267e34ace99506600d51fd3fcf0c35e	refs/ghprsq/pr/1168/result
39640121ead5eb9226b9b60c01f50c320288cb42	b65cf6670d156af71ab20315e13121ef91b1257f	refs/ghprsq/pr/1170/base
b78981df5316dcd4472c214ac7276a01c0329704	c68e4342317eccf5e26c2edf3086f5af2efa5838	refs/ghprsq/pr/1170/head
1a447c28b86ec6d3fc2a4469b2d808105960f29c	9a215eee4591a1a055ff34d5cc8b07389c29c7c0	refs/ghprsq/pr/1170/result
cb9f46a1f04bac67f58f744e1b431768af21ab80	72efa6d3af230c9c0892754ea5e97c6dd4116c0d	refs/ghprsq/pr/1173/base
f0da60e016213fcecdd73f85c4bf5809e35c9cc2	4663b10d1b18f4c7cd7f828c9b831eb7394edf26	refs/ghprsq/pr/1173/head
10fc4d3c31025ccdb4ead08a10ea39a029f3b787	9d2a55b30bd5183cc3a69a6cf99ae76835c3b76b	refs/ghprsq/pr/1173/result
814748195250eef60b859304f7dcb2334ba67edc	229a64436c32ec2ccbbf12425246ed670184b938	refs/ghprsq/pr/1174/base
965539b6b66be34ae0b5961b81cf7628bfcae8cc	4a464282baac9c74fbc3b70b77b7e2482b14db32	refs/ghprsq/pr/1174/head
db726f9215a8a7e06e6763bc7584dcdd106b14bb	6fd9d4489c57f5919baf97da40385da346de4dd7	refs/ghprsq/pr/1174/result
f93d968cdedb09aea0d6b2adb19988f9dab376f7	f10450d45267e34ace99506600d51fd3fcf0c35e	refs/ghprsq/pr/1175/base
fdde1b5b4ad74d90e6c0c95b09d5e9f2c23d0da9	0949d869d3fd5b6a4af07f093aca6dec67b2678e	refs/ghprsq/pr/1175/head
8ac3f4044c5fc1cba5cfa9ad293019ac3ca70112	b7acf5d95e27546c4e163edf051bc5cf6c0b475e	refs/ghprsq/pr/1175/result
adcc14a45091b12e875523c21b20b4fb2ec2dded	681b972d9c69aea66ff4247e723944e06f97b306	refs/ghprsq/pr/1176/base
969c6ad26e05df157c8d1c7de1bcd27d55016bbd	b7e40ad944d30aa792ad2e3534bb78672f48141e	refs/ghprsq/pr/1176/head
c12862a768575bc3e9f1f46c92ffec1f2b31f18a	a7df43af3476e8dfc427b05ce235342c8ed70ddf	refs/ghprsq/pr/1176/result
3539af8c3194307d9e1d7897fa0f924f2e2dda7d	c09f551ca2f24f4aa7620a5e136700a053330662	refs/ghprsq/pr/1177/base
db22b8032f89922242730495fefd04d26247c15a	9011d794e331a110a887d55b6f512bdb17256dcb	refs/ghprsq/pr/1177/head
df57b42a157ece9a73480562e1976f03595db834	146e704d0984ffd26584bbf8681847c964760b88	refs/ghprsq/pr/1177/result
5950e7aef55389d9a61d737c18a4b15b61ff3cf2	ac4d9d6686d26f16d44ce6092b25712e74eeecb7	refs/ghprsq/pr/1178/base
f23ba0707ead5af86c355f5ec9eb9a01c11f7f71	59c429acf434642b55ac5bcee60d19514c7d92da	refs/ghprsq/pr/1178/head
3539af8c3194307d9e1d7897fa0f924f2e2dda7d	c09f551ca2f24f4aa7620a5e136700a053330662	refs/ghprsq/pr/1178/result
f27301e432da718dd4e5e1a2fdc9e875a7e83fa1	c2a3588adc1aed5b8dcc4c5e6eaf089383e37044	refs/ghprsq/pr/1179/base
32ae59b59622de438e1d18de6afba2062679690c	46887ba9ebb1610468a5c221e649d36505a4eb4f	refs/ghprsq/pr/1179/head
d76b607560e0d3ceb04975616e9689413d47cd81	9ae3e805ab1a0943fc05fc15eb972dc439e4c2fb	refs/ghprsq/pr/1179/result
8ac3f4044c5fc1cba5cfa9ad293019ac3ca70112	b7acf5d95e27546c4e163edf051bc5cf6c0b475e	refs/ghprsq/pr/1180/base
c45d5e3b1dfe560868ecf41f61f669cf2a30af0f	4819e7ee92ea5d6b371e2b85002c43ef1932b1cb	refs/ghprsq/pr/1180/head
d195686f5e7f4bfed1c5b85afcf89f931aaa384e	ac882dd56364a27caf393ba80939a507ba0e663e	refs/ghprsq/pr/1180/result
df57b42a157ece9a73480562e1976f03595db834	146e704d0984ffd26584bbf8681847c964760b88	refs/ghprsq/pr/1181/base
468d67f171d618a0399d3863ec5587609f75dd6f	3d4601853b9c54cca7feb89c284bc9668be3213d	refs/ghprsq/pr/1181/head
adcc14a45091b12e875523c21b20b4fb2ec2dded	681b972d9c69aea66ff4247e723944e06f97b306	refs/ghprsq/pr/1181/result
d195686f5e7f4bfed1c5b85afcf89f931aaa384e	ac882dd56364a27caf393ba80939a507ba0e663e	refs/ghprsq/pr/1182/base
aafc9a9a6a4de2e30d2c68566ee4e9b50d490886	87d3545152649c45ba404cf6ec97cbe16349d362	refs/ghprsq/pr/1182/head
814748195250eef60b859304f7dcb2334ba67edc	229a64436c32ec2ccbbf12425246ed670184b938	refs/ghprsq/pr/1182/result
db726f9215a8a7e06e6763bc7584dcdd106b14bb	6fd9d4489c57f5919baf97da40385da346de4dd7	refs/ghprsq/pr/1183/base
dcc4b964208b9ee4d2356d39bb0a7873aea614c6	852f084f21fbfb19f3eca2019451d172ce112b1f	refs/ghprsq/pr/1183/head
5950e7aef55389d9a61d737c18a4b15b61ff3cf2	ac4d9d6686d26f16d44ce6092b25712e74eeecb7	refs/ghprsq/pr/1183/result
c12862a768575bc3e9f1f46c92ffec1f2b31f18a	a7df43af3476e8dfc427b05ce235342c8ed70ddf	refs/ghprsq/pr/1184/base
14ffe7642d507219c6fbdbbbde7d5e0d6795c0aa	af86fe3a1844b6e3896f2449c050dc39c34639f8	refs/ghprsq/pr/1184/head
c6fd2174ed6a2d0add1d6c61a86fb50da0bc0352	0f247778a86fc5b04b8b8029724b47da15e70b52	refs/ghprsq/pr/1184/result
c6fd2174ed6a2d0add1d6c61a86fb50da0bc0352	0f247778a86fc5b04b8b8029724b47da15e70b52	refs/ghprsq/pr/1185/base
5fa77e7ef384fb0c65ed43a6a309d5d11d8a9a70	fe3020c7613214d9504476f25341f4d0445d09a5	refs/ghprsq/pr/1185/head
f27301e432da718dd4e5e1a2fdc9e875a7e83fa1	c2a3588adc1aed5b8dcc4c5e6eaf089383e37044	refs/ghprsq/pr/1185/result
292518d14b62157485dba8c197328108d601c65c	6f8baee2e540f6a3e70a263ffe1363d8066d8147	refs/ghprsq/pr/1186/base
2a196f2c5f79127706bdfc7112534735c4f3026c	7c33464262cd0b30ae22bc60fbde181ac4d09294	refs/ghprsq/pr/1186/head
6fb73d5eb8f33db8077438f7f5c45a5ccfaa2101	9b154059ff8cc74ef42378fd513592cdd7d2d6d9	refs/ghprsq/pr/1186/result
d76b607560e0d3ceb04975616e9689413d47cd81	9ae3e805ab1a0943fc05fc15eb972dc439e4c2fb	refs/ghprsq/pr/1187/base
043555a9f5fa2428db967ce5beba88006f56a140	b1fd9fecde0f7b9f0d7f1ca434ecdde37e652261	refs/ghprsq/pr/1187/head
498575ff67ca2ae52b2df3613779fce5df983870	30a2dc8082536b1518e0949f40345752c567f810	refs/ghprsq/pr/1187/result
498575ff67ca2ae52b2df3613779fce5df983870	30a2dc8082536b1518e0949f40345752c567f810	refs/ghprsq/pr/1188/base
aa41556f2899ef6ca8c3376eb7ad936ca55d7208	db64563e37a17079472384f4a88031054d5a34ab	refs/ghprsq/pr/1188/head
292518d14b62157485dba8c197328108d601c65c	6f8baee2e540f6a3e70a263ffe1363d8066d8147	refs/ghprsq/pr/1188/result
d4fb50ad434cc1ac0e4fe92b332561470652f7f2	8ec94d9011cc7cb2a46febe72043a0e9d785c3f8	refs/ghprsq/pr/1189/base
0f5715b09bb51a4fac89387f0fce1c94478eef4c	c36f957dea5559c0b03c13920af0bc2399f37b9c	refs/ghprsq/pr/1189/head
0bc823ba67cf6eeda6fc9e7114bd4925bc2557e1	e9a1f2ae0b0df4c8f80683b755f264fe27990b2b	refs/ghprsq/pr/1189/result
6fb73d5eb8f33db8077438f7f5c45a5ccfaa2101	9b154059ff8cc74ef42378fd513592cdd7d2d6d9	refs/ghprsq/pr/1190/base
7e982c18ad5f3d9bf74759e760e2d4a949aa052d	662044e31e1a4fe69ffccc2de75dc1767cf2d356	refs/ghprsq/pr/1190/head
d4fb50ad434cc1ac0e4fe92b332561470652f7f2	8ec94d9011cc7cb2a46febe72043a0e9d785c3f8	refs/ghprsq/pr/1190/result
e1db60185803e93efa5fa62048e8d38e6a71cdf6	c95df3c9d30a1c0a852c3e84fe5a356bcc6cbb4f	refs/ghprsq/pr/1196/base
71e187b6364a73483f61f0b79dbdd6ec7997f3c7	83a1fcc9013a24b7c4e2e33ef561870b7df2cecf	refs/ghprsq/pr/1196/head
e69cd3182a64f484f10982b5a7879e5c74333cc2	a9e781cd4e291e487eaaad7787e01d5c053954f8	refs/ghprsq/pr/1196/result
51b5fef4df6d760e141c727e2d8ca26dbd310f83	c0384bb6dc278a2ad84516221548835b5828f03b	refs/ghprsq/pr/1198/base
04c316d553a79e2cbedf12235d7fd61d983b9573	166f9cdaaebf01fc4016211659ad70a5316d0704	refs/ghprsq/pr/1198/head
e1db60185803e93efa5fa62048e8d38e6a71cdf6	c95df3c9d30a1c0a852c3e84fe5a356bcc6cbb4f	refs/ghprsq/pr/1198/result
0bc823ba67cf6eeda6fc9e7114bd4925bc2557e1	e9a1f2ae0b0df4c8f80683b755f264fe27990b2b	refs/ghprsq/pr/1204/base
0906a602dbb0da70e5a4003d8eda174fa11e0cfc	883e562ae433dd9b7bf4e69f2a27dfa76eae47d8	refs/ghprsq/pr/1204/head
51b5fef4df6d760e141c727e2d8ca26dbd310f83	c0384bb6dc278a2ad84516221548835b5828f03b	refs/ghprsq/pr/1204/result
e69cd3182a64f484f10982b5a7879e5c74333cc2	a9e781cd4e291e487eaaad7787e01d5c053954f8	refs/ghprsq/pr/1205/base
93c387de2dc265580c66f71c1565c28cbe269acb	b74d4fcc0edb9a1470eb9ca4e80d3f19632adb55	refs/ghprsq/pr/1205/head
14f94b7fdb67c5d79b25ceb28e63707367c2a741	50f5c031615bed1485753bff6e1c16e85cef15df	refs/ghprsq/pr/1205/result
8c6e4bd6e4fab626796d083661eef1787fcf1cb1	66778126826b54b0b3ab11b13e5c3d6d16d9034b	refs/ghprsq/pr/1206/base
8eca0cf747b6fb29abdec673e98683041f1852c9	27ed109c7723cee8729fab0cc05118c854d4961f	refs/ghprsq/pr/1206/head
b784b276b978d913e92a0478ff0edb4b8b5ae10f	a72b20f76efa2c18350a9fd8429454a0e95135df	refs/ghprsq/pr/1206/result
14f94b7fdb67c5d79b25ceb28e63707367c2a741	50f5c031615bed1485753bff6e1c16e85cef15df	refs/ghprsq/pr/1207/base
8d602b50ca501ba4c4d62548441ebf95081f0634	e175849516cb2bed6374c5eeeed32b7cc7726479	refs/ghprsq/pr/1207/head
cfaa17e765e42b3d51ba8838e04c444fb6df68fa	283873080c1578351bfd1ea826ff5baa617374d8	refs/ghprsq/pr/1207/result
b784b276b978d913e92a0478ff0edb4b8b5ae10f	a72b20f76efa2c18350a9fd8429454a0e95135df	refs/ghprsq/pr/1213/base
5065cd111b954e4c568a342e2bf95d6b60068032	f44868674a3db6a6678f518eb741323f80530cb7	refs/ghprsq/pr/1213/head
ab8a1fa848a4970675870062502a6a9d5cd2f3b9	f6e20903bcb520243f6675c8bd53b38188204ad3	refs/ghprsq/pr/1213/result
1c1353ddaf33a0c4b89ab3ac84ad0d186680cf1c	32add65b795c51de069e039949616b86ab819baf	refs/ghprsq/pr/1214/base
26ad751d7a9595545ba70400cf0ae0674521fe7a	68574e023f7b36565fd970af53ba1350e7f944c1	refs/ghprsq/pr/1214/head
0fa5b8e72d56ece4c71d5eeabd1e6dc89397c1bd	8ec6000e56559603c0a933a036c175e057a45b04	refs/ghprsq/pr/1214/result
ab8a1fa848a4970675870062502a6a9d5cd2f3b9	f6e20903bcb520243f6675c8bd53b38188204ad3	refs/ghprsq/pr/1215/base
0ec23c45d6d8468b3c39e71ef001cff7ffb8d6b0	71396ceb8fb30b69d9738478e46bf6d90ade0dfa	refs/ghprsq/pr/1215/head
62470a21f04ba9365919fa949eabffbcc3a15e6c	0133becb2f928965322a8dfe4d88acb946d2611f	refs/ghprsq/pr/1215/result
0fa5b8e72d56ece4c71d5eeabd1e6dc89397c1bd	8ec6000e56559603c0a933a036c175e057a45b04	refs/ghprsq/pr/1216/base
266fb958ebab0e6b4715ee31fee21ee99ee0b564	db5d65d0cb3029aad10eb5fcfc2ee8f48b9a786f	refs/ghprsq/pr/1216/head
2e613ac36c1ba896d7593585424e62d64d2a560a	50c71cbcd484b7b5ba06f96cc90d01b494e53e85	refs/ghprsq/pr/1216/result
62470a21f04ba9365919fa949eabffbcc3a15e6c	0133becb2f928965322a8dfe4d88acb946d2611f	refs/ghprsq/pr/1217/base
18dc91d865ca13ebc7c76c1e3d4bc8fa3faf4a92	76975c9d6c0ef5dcb9755457f4a735c1596c6dce	refs/ghprsq/pr/1217/head
1c1353ddaf33a0c4b89ab3ac84ad0d186680cf1c	32add65b795c51de069e039949616b86ab819baf	refs/ghprsq/pr/1217/result
f1b783a6b87a7473dfbc355e6fbf252330031aee	de674fe50bec71727f181a7dbf8583a37e4fa750	refs/ghprsq/pr/1218/base
e28f92e3d3458c42f6769cfc0e145e68cfddb6d6	17038bf56c772bfe63fb35079a514bb0fa36bb68	refs/ghprsq/pr/1218/head
8905531b6470e4d8a2cfcedf41936f97382966ca	606e12fb6a5e3dee24c4cd300b8962413a2854c6	refs/ghprsq/pr/1218/result
2e613ac36c1ba896d7593585424e62d64d2a560a	50c71cbcd484b7b5ba06f96cc90d01b494e53e85	refs/ghprsq/pr/1219/base
07126766842a1be5f6bf8365ab37a222484ff7a1	4a30ce5f0ab564b5198a0af8d1184365843a60e9	refs/ghprsq/pr/1219/head
a280e2372b00cf9d4eca04b561ec58700d5ca232	af758a75e41eefc00d370e93f413acd9934867da	refs/ghprsq/pr/1219/result
a280e2372b00cf9d4eca04b561ec58700d5ca232	af758a75e41eefc00d370e93f413acd9934867da	refs/ghprsq/pr/1228/base
f42d3aa96f1574cf7f9183639e7ed377ea75dfe7	fc8fd122e8802598d51b9c90e671df30ebbedd2a	refs/ghprsq/pr/1228/head
528e324a733d26e9fa61cd3ef2ccccd29c790a2e	d47da17691e57d0bfc448473ee2df91a78cd6df1	refs/ghprsq/pr/1228/result
528e324a733d26e9fa61cd3ef2ccccd29c790a2e	d47da17691e57d0bfc448473ee2df91a78cd6df1	refs/ghprsq/pr/1229/base
625b1f95a5f1743ddcc4010c45baecb4270ccfdc	a3997ef31aa1b71f6972e7822b075f21a9eccaa9	refs/ghprsq/pr/1229/head
0163f1115153345f61164ebef3ecd1323900bc04	1a19b3b21041394fa0840960ce234f1b46aa17da	refs/ghprsq/pr/1229/result
1998097e76589bc65b2cafb315215cd5032d81f2	1c03790525a3edd3dcb39631c13fdcf5dd21561d	refs/ghprsq/pr/1230/base
88e2238e8468b401a85c4d8351f8bb53b88444a9	97933b5dcbde454e4a72d356e5ece7ec1a57427d	refs/ghprsq/pr/1230/head
f1b783a6b87a7473dfbc355e6fbf252330031aee	de674fe50bec71727f181a7dbf8583a37e4fa750	refs/ghprsq/pr/1230/result
0163f1115153345f61164ebef3ecd1323900bc04	1a19b3b21041394fa0840960ce234f1b46aa17da	refs/ghprsq/pr/1231/base
358f2cf23ce4aaccef57cd01b0806c0a22ce31c4	937e78ff0113def29532f7a9fe1480ae17e42034	refs/ghprsq/pr/1231/head
1998097e76589bc65b2cafb315215cd5032d81f2	1c03790525a3edd3dcb39631c13fdcf5dd21561d	refs/ghprsq/pr/1231/result
8ec8cf072c36eb22665da2d1c6a70ca77a11c72e	b4b4a165ca982b4a1b6047fec101ad14ec272ce5	refs/ghprsq/pr/1232/base
72f94858cda51e42205a7ad1243cb8ff13a4680e	073b8a74a22806a10b1ed707d3e1595cfc721233	refs/ghprsq/pr/1232/head
5ab0ac04d515d31be963d96ecce28f21d406dc74	953a07171d9996d88149c3b3660349320308cb38	refs/ghprsq/pr/1232/result
8905531b6470e4d8a2cfcedf41936f97382966ca	606e12fb6a5e3dee24c4cd300b8962413a2854c6	refs/ghprsq/pr/1233/base
140f986a2ebd8893bbd4b758df4a299cd6534c87	6226dd5042fd8fdd99e2a189e2809577d561c7cc	refs/ghprsq/pr/1233/head
4b548ba667b0124bf8e824de38f13133a2220ffe	3e1ae9ad34005bd6f4e76d0732bf8235c51e0667	refs/ghprsq/pr/1233/result
4b548ba667b0124bf8e824de38f13133a2220ffe	3e1ae9ad34005bd6f4e76d0732bf8235c51e0667	refs/ghprsq/pr/1234/base
184e0e10b772d7e3d81d247aed589905fd7ae9ca	96a555a3bb4b4d8d1d22cfcb7df9990f949cd207	refs/ghprsq/pr/1234/head
8ec8cf072c36eb22665da2d1c6a70ca77a11c72e	b4b4a165ca982b4a1b6047fec101ad14ec272ce5	refs/ghprsq/pr/1234/result
5ab0ac04d515d31be963d96ecce28f21d406dc74	953a07171d9996d88149c3b3660349320308cb38	refs/ghprsq/pr/1235/base
cb5de101b8e1587325946dcb0401cc6d77b4963c	c46e1efb4e0896100c821b83dc22db15f55ec21f	refs/ghprsq/pr/1235/head
ee6b6be4504eb68f26eef8a63843f6fb758357f1	28bc8b458eeeec2dbd3243489a3ba3ee35caa294	refs/ghprsq/pr/1235/result
5d758eb7a8db78451ca25be4ea336b90ac08dcf5	bbab327ef2f5c99624235fcb48f2d448174f254b	refs/ghprsq/pr/1238/base
28be7b3a93090fa5af2f8bfb4a97afae89ce57f9	9055e912099bdd6cd31ffc6b3583813cc56c12ae	refs/ghprsq/pr/1238/head
32602b1d8c9c601287da5a1e5145ff02745d1a24	265fa97b7e4a070acf170ef02c6c51e051bfcf4c	refs/ghprsq/pr/1238/result
32602b1d8c9c601287da5a1e5145ff02745d1a24	265fa97b7e4a070acf170ef02c6c51e051bfcf4c	refs/ghprsq/pr/1240/base
2c43d249ed131b8fba3f2ac7361e3e8fbeb421ad	3d6c4286617c5188c5b14b167aeec0662a603608	refs/ghprsq/pr/1240/head
caba6f062aba34390c66f685a5901b8a0e379417	a9665b33221480920a98650b4030d2e20673c58d	refs/ghprsq/pr/1240/result
caba6f062aba34390c66f685a5901b8a0e379417	a9665b33221480920a98650b4030d2e20673c58d	refs/ghprsq/pr/1241/base
b72b46d002d19226f26fc6a5c715f5f9fc153f17	1fd17dbd49c0280fd0a19de9b155fc6cfe537596	refs/ghprsq/pr/1241/head
fc07d691417971cfdb65f6688899b84284ba101f	b8a4fa54971f79838665ac4b55a8d0e59c35d671	refs/ghprsq/pr/1241/result
fd944ce075d1cc1c18ad80e58b577434537d1ab1	c9947872f322707d36492210b25bbe307bbeb46c	refs/ghprsq/pr/1242/base
905fd8d19bd0949221bd9ef10f86268e13da878e	d9f3476774157ede339f726fd264bfa770d1e999	refs/ghprsq/pr/1242/head
7002e3bd291e98222e6afadf6c0d7e1789b7a1ab	00ba0067c0463b8bd0d73411fadc517e236fc98f	refs/ghprsq/pr/1242/result
fc07d691417971cfdb65f6688899b84284ba101f	b8a4fa54971f79838665ac4b55a8d0e59c35d671	refs/ghprsq/pr/1243/base
db22cfbaa46a6a5b7ec83ce542d98591cde790a0	48eea73c20ec3e6eaf8fde2b6049275a23a6fb55	refs/ghprsq/pr/1243/head
fd944ce075d1cc1c18ad80e58b577434537d1ab1	c9947872f322707d36492210b25bbe307bbeb46c	refs/ghprsq/pr/1243/result
7002e3bd291e98222e6afadf6c0d7e1789b7a1ab	00ba0067c0463b8bd0d73411fadc517e236fc98f	refs/ghprsq/pr/1244/base
e3fbf806ee47d2fe1c039750ca49a9a1714bb96b	66fc2b72eaaa9b7120f228a982118bccba31b2ed	refs/ghprsq/pr/1244/head
8876ff67282be91d84fce706c63be44d3c7d284e	5763445afc330a953acea1f93484f035d88f885d	refs/ghprsq/pr/1244/result
8876ff67282be91d84fce706c63be44d3c7d284e	5763445afc330a953acea1f93484f035d88f885d	refs/ghprsq/pr/1245/base
15a9b8f60067c20a1266376c6ff5920c8c1a7c6b	6ff8ebffba22f4ad014018703079eaf9d5e960c9	refs/ghprsq/pr/1245/head
66e2bbafe7c63d25dd1842f1ffdf162530da5c21	df0d2d9cc2758b5ef147b7b8bee39b6b36d3529c	refs/ghprsq/pr/1245/result
66e2bbafe7c63d25dd1842f1ffdf162530da5c21	df0d2d9cc2758b5ef147b7b8bee39b6b36d3529c	refs/ghprsq/pr/1246/base
15f260a4ff7e6e5a3b8d308d355d0a9d3fedbcce	db46dada4dbcaa54c8fe45b51a5dbdd485ebf294	refs/ghprsq/pr/1246/head
6c3e71670ecce5aa5d6911b1536bd692d2537dce	de81d614a7b7a28e2eac59335176c94d7b8c1630	refs/ghprsq/pr/1246/result
9917ca7d6e0d46e80ac8bab8ed938f1b83032c04	55cfb158fa7db34a111f49f989d93f09691e76ca	refs/ghprsq/pr/1248/base
7bf78bc7518bd11f24fdb45b781fb232513e0aa8	04a626a5dae3a4c23bb41210d9150a41521a2419	refs/ghprsq/pr/1248/head
3d386e9059972f964b938641a6ac4c2fdab999b8	c422528a986ec2d361face191c98e0ee180ba20b	refs/ghprsq/pr/1248/result
3d386e9059972f964b938641a6ac4c2fdab999b8	c422528a986ec2d361face191c98e0ee180ba20b	refs/ghprsq/pr/1249/base
f0142a44ceaf29357009e7b7fcd945505d74dbb0	3bfb63d6f3bbc18e3f7c92feb9bcc0a8325fd44b	refs/ghprsq/pr/1249/head
84b2b3b8743195ccd6bb9c2dd07a31c228ac58c3	b73833ccc7d99d07250ba57e5ffdfff4da50b276	refs/ghprsq/pr/1249/result
6c3e71670ecce5aa5d6911b1536bd692d2537dce	de81d614a7b7a28e2eac59335176c94d7b8c1630	refs/ghprsq/pr/1250/base
933ae3a055b8867d3bf3050f8fc1f626da818284	84e02662f820df8b713ac84891b1e8aa98c00cbc	refs/ghprsq/pr/1250/head
9917ca7d6e0d46e80ac8bab8ed938f1b83032c04	55cfb158fa7db34a111f49f989d93f09691e76ca	refs/ghprsq/pr/1250/result
84b2b3b8743195ccd6bb9c2dd07a31c228ac58c3	b73833ccc7d99d07250ba57e5ffdfff4da50b276	refs/ghprsq/pr/1251/base
4d52c5a3d490c9f0619c02518bf7a743aaba0923	fd5f975906069d3e60aff57aad08b109c24b809f	refs/ghprsq/pr/1251/head
ab7b45c8aaba22eef00b979f0cc2858d5e89ab83	ffdbd83cd089f9ed331c80142e5e64bd2560d1ac	refs/ghprsq/pr/1251/result
4c1305fdd8241fe58a42dda1976fb29c9c6b8f41	85fac038fd27927d33a34d03dd0920a8ae34bab1	refs/ghprsq/pr/1252/base
52b26b8d6235d9dadcdde369252fb70b85abbe77	00bca0276329285995956d6c7a75f77a7955337a	refs/ghprsq/pr/1252/head
515de3652050cc2ad4a10a0649d29045ae01fc97	24404812ab80efcf89cc5a52b0c0f39fdb7acd50	refs/ghprsq/pr/1252/result
d2c829467d01d58ed4ed2059bc18c281727ed89e	4ecca3d4a856ce0b354b6a00d208d2734df27624	refs/ghprsq/pr/1253/base
e9f8f17d1832f92ae6240b6b9e010656ec35b068	753d42d782f72b209a1bbac9e550dcc7555c9543	refs/ghprsq/pr/1253/head
4c1305fdd8241fe58a42dda1976fb29c9c6b8f41	85fac038fd27927d33a34d03dd0920a8ae34bab1	refs/ghprsq/pr/1253/result
d07e57bfd9789f3367141189f0e95f07962cfe22	2fa836ef4e3385edcb97720deb9b4541336fe35f	refs/ghprsq/pr/1263/base
8b20e5fe85756438af2596c7a221f2b197115eca	128cc8ed8f4e94b0e2fb6eec481b52fce12e4a53	refs/ghprsq/pr/1263/head
a861ad8557996bc442d6413d7e1816c32ceaaa8f	b6f8c3205d92992555983e1ba31e5049b8d4a088	refs/ghprsq/pr/1263/result
515de3652050cc2ad4a10a0649d29045ae01fc97	24404812ab80efcf89cc5a52b0c0f39fdb7acd50	refs/ghprsq/pr/1274/base
8e0649fb91dc46249e4003ccc57c421a594b834a	246418db9b5a6f09fe440855d1e718fbf1fd05b4	refs/ghprsq/pr/1274/head
d07e57bfd9789f3367141189f0e95f07962cfe22	2fa836ef4e3385edcb97720deb9b4541336fe35f	refs/ghprsq/pr/1274/result
a861ad8557996bc442d6413d7e1816c32ceaaa8f	b6f8c3205d92992555983e1ba31e5049b8d4a088	refs/ghprsq/pr/1275/base
905f466d37ff27d78dfa68dba2fc4520a683461f	665c9c11e1b740ca5b3c0b7ef6ed4f995a03f420	refs/ghprsq/pr/1275/head
9f93505af3c10440ff138ecffcf1142e25348f88	e1d0e69d13bc4f50dfa4a8f514752a7a8ad65108	refs/ghprsq/pr/1275/result
fd61a29b05e1f9ba7519fbbbb226c866ba3608c6	ba2484880142856ea59292d0b10adf01dcd575fa	refs/ghprsq/pr/1276/base
8bed58cf982d63ce81052a825de375c5a9f13d5e	3cd55b8e0fefc65ee34f7a7d068a0e7babfc4867	refs/ghprsq/pr/1276/head
94a52a873d54eeba760eee7a18382c3c0a311e71	c15a238c3d7d874f44135378173bf20227b0a547	refs/ghprsq/pr/1276/result
cbf6d52ef307c77658f221768cfda33a65bfa5ba	d6ac53d5dfe3b2040cdcb75d6e4df8557a9243d7	refs/ghprsq/pr/1277/base
44b44e6cd9a8dcea2aaec5f784b092ad9aa056c2	040fa550c2eb2a4191aa5795906e99ea658849d0	refs/ghprsq/pr/1277/head
6a7b5c31bb136d8ef244797c86704f29f2fff2ef	6eda3dd0c99aa613bda729e59417d1e273e65f9f	refs/ghprsq/pr/1277/result
6a7b5c31bb136d8ef244797c86704f29f2fff2ef	6eda3dd0c99aa613bda729e59417d1e273e65f9f	refs/ghprsq/pr/1279/base
176eca8a4608bd08808a378566fef6acf09f02d7	1ed4f36909138001bed38db47dfe59bd8fea444f	refs/ghprsq/pr/1279/head
fd61a29b05e1f9ba7519fbbbb226c866ba3608c6	ba2484880142856ea59292d0b10adf01dcd575fa	refs/ghprsq/pr/1279/result
9f93505af3c10440ff138ecffcf1142e25348f88	e1d0e69d13bc4f50dfa4a8f514752a7a8ad65108	refs/ghprsq/pr/1281/base
4f863fa018a1d9363238ff8e0ff65dddea9daff2	b5b0846bd4f1a590b907f9944bdbd1c5ea95bb65	refs/ghprsq/pr/1281/head
b79ac7fb55524d46252219d7354123de6d3f97d9	a2f86739f703c15d27348768332e7c6ecb66bc33	refs/ghprsq/pr/1281/result
b79ac7fb55524d46252219d7354123de6d3f97d9	a2f86739f703c15d27348768332e7c6ecb66bc33	refs/ghprsq/pr/1282/base
4e8d945e0a0820ce1fc6a42ed90fd040867edc91	3224e6f7a175870e661c59b7a992991ce241c3d2	refs/ghprsq/pr/1282/head
cbf6d52ef307c77658f221768cfda33a65bfa5ba	d6ac53d5dfe3b2040cdcb75d6e4df8557a9243d7	refs/ghprsq/pr/1282/result
94a52a873d54eeba760eee7a18382c3c0a311e71	c15a238c3d7d874f44135378173bf20227b0a547	refs/ghprsq/pr/1283/base
3fd05aaa74d904604cd7dc93f9498badfa5e6a4d	3d7443c64349d6c7a82764628850a2c9efb1813c	refs/ghprsq/pr/1283/head
143534a915c341f501a513efd09a2ce6cf11fcde	7f2013a498fdd71528a6997080eb053f96f017a4	refs/ghprsq/pr/1283/result
143534a915c341f501a513efd09a2ce6cf11fcde	7f2013a498fdd71528a6997080eb053f96f017a4	refs/ghprsq/pr/1284/base
7159b6829ad2815e0e73e24ae79b3393ff63b267	0599e6cf8d04a9753bf0ac2f164f6f5a6a56e8f0	refs/ghprsq/pr/1284/head
273df475df88736fa25253224825904872632dd7	c7ac5d117063c93bb87e1202447bcb825222d4f3	refs/ghprsq/pr/1284/result
798f1aae68fc3abe98749dd97057a06ba6a3547b	dc76e743fa93c94a6d92f7f5b408fb2e32928ee8	refs/ghprsq/pr/1285/base
416baeb14282a6496d44800d62e447bc93be6bca	7afa06ca9d429dd4c2c8beaaf9c1bc8272cbbded	refs/ghprsq/pr/1285/head
fe58b57b3cee943288a8bddd445d915d7efb92af	80aa79554399a0d4a293a9f1ad7e20f0df32f69b	refs/ghprsq/pr/1285/result
273df475df88736fa25253224825904872632dd7	c7ac5d117063c93bb87e1202447bcb825222d4f3	refs/ghprsq/pr/1286/base
789a308ed09318fb686b3fcde240876bff89f9a7	c4bbc5e98394ab925e22500eb78e9a1b5f56620c	refs/ghprsq/pr/1286/head
f0f630f475d0c51ac524d58b50fe982bcaf8cf2a	031c929a410773793befead809d0287440e0eae8	refs/ghprsq/pr/1286/result
f0f630f475d0c51ac524d58b50fe982bcaf8cf2a	031c929a410773793befead809d0287440e0eae8	refs/ghprsq/pr/1288/base
3e84f2b35f013a3cb4162f85547cd3d2ec584c06	d76016913b5c3f26266a38505530f87ba716e658	refs/ghprsq/pr/1288/head
9c8c933cf5d84fdb7d5eb5ea164bb2cc3ccedcbd	daba487d426de616584d2a953e6e6aba90c43aee	refs/ghprsq/pr/1288/result
c0c3e963a907710cd70cad7f0715820f1b0485f7	34704e6cbb975815891951378ddf767f29fd3c28	refs/ghprsq/pr/1289/base
9580f92014cb3e77a16f82dff0b6968c03095558	0d5a6146f84bf8082dda615462d588c0d4dd3bf0	refs/ghprsq/pr/1289/head
5697cf218c8d9787d250ee4b061a8d83c0c2acbc	a57079e9b60854541ff4aa15c08fefc28005887f	refs/ghprsq/pr/1289/result
5697cf218c8d9787d250ee4b061a8d83c0c2acbc	a57079e9b60854541ff4aa15c08fefc28005887f	refs/ghprsq/pr/1290/base
761b19ec08871ce485c8e12945cd5d4dbb27b76f	4542a14d7e38bd8c52debe992dd4888255bd90ae	refs/ghprsq/pr/1290/head
16520ef30fc5a627e0195bbdb4e23ffb7acd1915	0851afb2f5a0cb7b0dbaeacb384bdc17b1cc115b	refs/ghprsq/pr/1290/result
2c25146707e60f1aeab770817e2ea0d886a57364	eee92beb12d1822cbfa00b90e4c9fade6674c53d	refs/ghprsq/pr/1292/base
df333422226885d35907a00ff1cae76d639747e4	6191d6a10ff4ee73779b04147633a586c9a75546	refs/ghprsq/pr/1292/head
19e9911f127b2514119c0351c295bc4893a8d2af	3255358203da2b6a501a2171ae7e69f0e596fd92	refs/ghprsq/pr/1292/result
ff75b5e883734953c2de341c219494b1da51588b	50d66df77c44a79b9e9a70fe2ed81c455632c92e	refs/ghprsq/pr/1293/base
bfa4c4d6a820e964882700cf8bae2e1fb2629014	fc16de565f2c44f3403b25019d223ce5083c04c3	refs/ghprsq/pr/1293/head
f68aa296ffdf2fad08d4a570706b9cfaa15a622e	7f1746a2dc8d19a115c46160dbf57c725c30f9f6	refs/ghprsq/pr/1293/result
3bc16aace5de62c6fd5d8ac8c4fc4b2a806658d1	309e8ebbb32bc4f307305b31cc11effbb571ae86	refs/ghprsq/pr/1313/base
e9cd9bf984e796196d80972752a6e46f90a582d8	7ca6ccdb54eb1001377348c876d75232367b522c	refs/ghprsq/pr/1313/head
2c25146707e60f1aeab770817e2ea0d886a57364	eee92beb12d1822cbfa00b90e4c9fade6674c53d	refs/ghprsq/pr/1313/result
19e9911f127b2514119c0351c295bc4893a8d2af	3255358203da2b6a501a2171ae7e69f0e596fd92	refs/ghprsq/pr/1315/base
2c171b474caef5ceadfe85d455f1e562b0e63561	fd7d59329eb4e283a7c54d5296f8bc1c105d87a9	refs/ghprsq/pr/1315/head
ff75b5e883734953c2de341c219494b1da51588b	50d66df77c44a79b9e9a70fe2ed81c455632c92e	refs/ghprsq/pr/1315/result
f68aa296ffdf2fad08d4a570706b9cfaa15a622e	7f1746a2dc8d19a115c46160dbf57c725c30f9f6	refs/ghprsq/pr/1316/base
0f80b2ced9ed069d5d5db9289147e58848debfc0	15f48d18a65c297fb3c1d8c95def4a5773741c88	refs/ghprsq/pr/1316/head
957021d920dabd0d5b800efc7618c21c0bafae7e	ef7ced1d0b3303b8c1ff5070fc5fb2b77a9f207f	refs/ghprsq/pr/1316/result
d87578b05f58663987a2f47db53766144682f643	3f942ea070580c2a869d60e334a27613260737bf	refs/ghprsq/pr/1317/base
0fa6b69e285c2579fb8d92fc9852423408001ac3	c3ae4b8b2870818160976b7ef0945508fb29a363	refs/ghprsq/pr/1317/head
798f1aae68fc3abe98749dd97057a06ba6a3547b	dc76e743fa93c94a6d92f7f5b408fb2e32928ee8	refs/ghprsq/pr/1317/result
fe58b57b3cee943288a8bddd445d915d7efb92af	80aa79554399a0d4a293a9f1ad7e20f0df32f69b	refs/ghprsq/pr/1318/base
d92ea48f27e570faecf1c13d32ef4a8a50d28e71	48a60c65671b035a05d5832252415a1bcd3190dc	refs/ghprsq/pr/1318/head
0b2cff1900e0986ad74fb490237bbafe8494961c	f78d6f0678f46bd9b70915fd62fc76274d799070	refs/ghprsq/pr/1318/result
06afed1fb27e412cb96efccdedb9404ab48d64e2	ff3fa46b84079253cb66afb72fea8d077079862e	refs/ghprsq/pr/1319/base
a130dcc9d407589d3163cec8e899b68d303c4721	3f8d1beccbd829aa50b771169db0edf6a10c49a0	refs/ghprsq/pr/1319/head
f1df56db6af2c9ae487e5f0aa5443bca8b775725	0994ef0ad832ae915526eacb20aa3dd88aa20395	refs/ghprsq/pr/1319/result
0b2cff1900e0986ad74fb490237bbafe8494961c	f78d6f0678f46bd9b70915fd62fc76274d799070	refs/ghprsq/pr/1320/base
bc98645df8a86eb3f5e0af848f8cd9ca8a5ab367	5c700e089da1a9b9281d5d14e1e71bcb7d458a3e	refs/ghprsq/pr/1320/head
3ddbb54f768c0fa70bd6d80723d9b2f5d949973e	07cba0b34d228e2fc5adc9e0f79d7d9f6f283b07	refs/ghprsq/pr/1320/result
f1df56db6af2c9ae487e5f0aa5443bca8b775725	0994ef0ad832ae915526eacb20aa3dd88aa20395	refs/ghprsq/pr/1321/base
a03fe29547813a5b36d3298a7f05e41217e4a0ae	1ea3ce3ba9f66e9dd21651556baea03ed511dadf	refs/ghprsq/pr/1321/head
c6135602655230c792a875431f241abf701d4c6d	775f786eb5a31793781bf7297a7652cbaf8725f8	refs/ghprsq/pr/1321/result
c6135602655230c792a875431f241abf701d4c6d	775f786eb5a31793781bf7297a7652cbaf8725f8	refs/ghprsq/pr/1326/base
3a8474761692e40a529e257ce9d68934c8e822d3	0fddd7ad74c5cff694ecd46f20032feeb313f1d0	refs/ghprsq/pr/1326/head
6765d7f72076d96576a5f3ca1840c4f864b9d6dc	a17a3b308477909dc791a8c7a474abc0170b3f6d	refs/ghprsq/pr/1326/result
008be998ef16d6037e77eaf03a5d8df82ba2faa4	894b6fa09e6cd4481350913356449b97cdbc7542	refs/ghprsq/pr/1328/base
7a30610ae70962e3e10a248b40fd197cd9badfcb	fed4267d4a23dda44765f630041884fcc4ad5685	refs/ghprsq/pr/1328/head
f7709221cce3ec865ab543b3939c1edd29f2a1cc	5ef1a5f5f0cc6667400e01e808c125171ccf3ddc	refs/ghprsq/pr/1328/result
6765d7f72076d96576a5f3ca1840c4f864b9d6dc	a17a3b308477909dc791a8c7a474abc0170b3f6d	refs/ghprsq/pr/1329/base
638cf04add07e23104f2630a3bf393d1d31e3555	9f4e07a82a2e92a173a7c3fd098b27d3425ea79a	refs/ghprsq/pr/1329/head
008be998ef16d6037e77eaf03a5d8df82ba2faa4	894b6fa09e6cd4481350913356449b97cdbc7542	refs/ghprsq/pr/1329/result
16333ff730d97ff31d9db57be05bde71fdd3b8d5	b0d616a9b37c8c252e92cc28cd01f2dd71aa2931	refs/ghprsq/pr/1332/base
103466f64c29c001545b712e7a274ab1b269d362	0b0cc4b8064b797ea3d4cb55a4193454336f4999	refs/ghprsq/pr/1332/head
6d02e05332ca4867f6dfd7e20ab036d5a060810a	14e1dc383cdf9c43533e7eb92e5411a3c12a41bc	refs/ghprsq/pr/1332/result
7b48b8861cba7c9fcc73d58eb42ef359b97428f4	fed39ce436eea777ffbeae08f2a899ed46b0a70f	refs/ghprsq/pr/1333/base
9667aeae6fb4e20073eb0323112a4434adcfcb5f	d892d277a03dea48b7b30493570d28a276740495	refs/ghprsq/pr/1333/head
1e94fddf9ed683c3984ee2d84cceb4387816e4dc	5f5fc53cb794b1d62ff6ae4647eac441eccdc90e	refs/ghprsq/pr/1333/result
9a46b342a565772724c70c9dc6dd9cb7f1552539	5e3544bf5db32ec285840a0016f40962acd0f761	refs/ghprsq/pr/1334/base
fd2c45da3987836a5be1634d1bdb2ecca9675c58	77630a1609093ff4e717dddcb6e247335c8f3be0	refs/ghprsq/pr/1334/head
7b48b8861cba7c9fcc73d58eb42ef359b97428f4	fed39ce436eea777ffbeae08f2a899ed46b0a70f	refs/ghprsq/pr/1334/result
f7709221cce3ec865ab543b3939c1edd29f2a1cc	5ef1a5f5f0cc6667400e01e808c125171ccf3ddc	refs/ghprsq/pr/1335/base
e6a55a612a92d894f569ad8d921bf479039deac3	f899611bde72fcad6e98ae7edd995ec2265e640c	refs/ghprsq/pr/1335/head
9a46b342a565772724c70c9dc6dd9cb7f1552539	5e3544bf5db32ec285840a0016f40962acd0f761	refs/ghprsq/pr/1335/result
1e94fddf9ed683c3984ee2d84cceb4387816e4dc	5f5fc53cb794b1d62ff6ae4647eac441eccdc90e	refs/ghprsq/pr/1337/base
b70c8ee12130138d4ee162167738d369d329a39b	02544c15c05f0c8beb08a4689328c6caeffda364	refs/ghprsq/pr/1337/head
f9e7347183eba579951fc075368ef3de8fffd765	3950b8e176cb78dc46205ece9a41acc1b1ec6c7f	refs/ghprsq/pr/1337/result
f9e7347183eba579951fc075368ef3de8fffd765	3950b8e176cb78dc46205ece9a41acc1b1ec6c7f	refs/ghprsq/pr/1338/base
2d5c0cd9c07260cd1e1872fbe958d2a2fd0afe23	a2a520fc5c41ea195e1eaa1105f87e2b03d8ad84	refs/ghprsq/pr/1338/head
e5555de89cf625d06340777eddf94bc29d7a9ea2	5ec7883cfa309883d0245bbc6e26d9c4ff0d105f	refs/ghprsq/pr/1338/result
e5555de89cf625d06340777eddf94bc29d7a9ea2	5ec7883cfa309883d0245bbc6e26d9c4ff0d105f	refs/ghprsq/pr/1339/base
576ca3211afd0cb307e74b738c5f4e5e001868f4	3b0221f9aad2928f523d5d38db98f8c88d94da65	refs/ghprsq/pr/1339/head
d59319fdcd21ed7b83ca4648a0f4766612d873e3	63a4dba7201d27a35048b3c2936b655a68dc0e2c	refs/ghprsq/pr/1339/result
d59319fdcd21ed7b83ca4648a0f4766612d873e3	63a4dba7201d27a35048b3c2936b655a68dc0e2c	refs/ghprsq/pr/1347/base
adc470041e0e20c083b16e19b865dbedef9a8da0	ec67ae2b9ed411a77b7cfbcc35a76816057faa8f	refs/ghprsq/pr/1347/head
a9fbee48706ecfb7739bf0d79edb71c8893c317e	fa7f8f2d3c1866f65dc216fafed7fddb7cb372fd	refs/ghprsq/pr/1347/result
a9fbee48706ecfb7739bf0d79edb71c8893c317e	fa7f8f2d3c1866f65dc216fafed7fddb7cb372fd	refs/ghprsq/pr/1352/base
1d30b77baafa77fd096e606857d40b78ec052d33	712cb77fc41f26a5ccb97327902ef3ae67afb113	refs/ghprsq/pr/1352/head
3fdd4dd543247c9e2ce0fcd2c5f96eb70d8dbc71	bcea4d9c8af7deb9fa8fee4bd394b7b229faf83e	refs/ghprsq/pr/1352/result
3fdd4dd543247c9e2ce0fcd2c5f96eb70d8dbc71	bcea4d9c8af7deb9fa8fee4bd394b7b229faf83e	refs/ghprsq/pr/1353/base
cf5b01ae1e8e417cf61c67cf5ec2128a8651e303	bbf623201012150c2008da9d164b1514628da41a	refs/ghprsq/pr/1353/head
364eb18a73e5bfbd947f86604a221f839cc79857	3a7ce50b3227c73be47daa5ebef0962f2cfef8f6	refs/ghprsq/pr/1353/result
3ae5fe761bd4376a21fba6b074f17042059320d4	e85f9513e9583f3ef1177e26c11813118f439493	refs/ghprsq/pr/1356/base
e4cc1be31c2c952af22f34b6bcd57673a8b6a6cd	d9ce8dfb3ed9899e9ea483f8c83201ed3046331a	refs/ghprsq/pr/1356/head
16333ff730d97ff31d9db57be05bde71fdd3b8d5	b0d616a9b37c8c252e92cc28cd01f2dd71aa2931	refs/ghprsq/pr/1356/result
364eb18a73e5bfbd947f86604a221f839cc79857	3a7ce50b3227c73be47daa5ebef0962f2cfef8f6	refs/ghprsq/pr/1357/base
b0fc8891e108a81c469f6325da83e10b38bb7acd	de6a4e4844d5d4b2e90936a84c9a2a20d12dcaca	refs/ghprsq/pr/1357/head
3ae5fe761bd4376a21fba6b074f17042059320d4	e85f9513e9583f3ef1177e26c11813118f439493	refs/ghprsq/pr/1357/result
6d02e05332ca4867f6dfd7e20ab036d5a060810a	14e1dc383cdf9c43533e7eb92e5411a3c12a41bc	refs/ghprsq/pr/1359/base
ed30aba10c2297a4c49d24b956e33c43c50f4d79	3a85d9400b1752c7ab6971462107f3b27c26e569	refs/ghprsq/pr/1359/head
ea9a7a768005600787d4e95e0c17f7b6d8076c5d	7e0e969ce0f8a318d78e8f30b62145f79dc9c174	refs/ghprsq/pr/1359/result
31fc364ef8a91ab5a5fd0ccd039dfd42e65b2094	0287d4b5a0cc40aae1ead1d0040f0ed92315ac7f	refs/ghprsq/pr/1360/base
978ca14b5d33f25d6672b4b46ee16348a11c842f	50d12daa53d67db3393e315efd5deabe624069db	refs/ghprsq/pr/1360/head
b2872a8baa5e772c78b5294c838fdc8b913e2c0c	df0d8c98be7222e3bf058ea69df2ad4994c7bb8f	refs/ghprsq/pr/1360/result
ea9a7a768005600787d4e95e0c17f7b6d8076c5d	7e0e969ce0f8a318d78e8f30b62145f79dc9c174	refs/ghprsq/pr/1361/base
fc9e657584e2ea470aa958b9ffd3e3bf2caecf4d	d89091754ac63d65e0e87c119db87ef9ad1c3f8d	refs/ghprsq/pr/1361/head
408b50ba438987bcb39c5412d5d561c6e6cf7769	eb454d7836a81592f5a18e3f4b43a1faa82fa02f	refs/ghprsq/pr/1361/result
408b50ba438987bcb39c5412d5d561c6e6cf7769	eb454d7836a81592f5a18e3f4b43a1faa82fa02f	refs/ghprsq/pr/1370/base
59fae988d4f8dc99731d8b9693a85fcf952005d6	c72cc4d4514e1bff31fc27d77088ccb74fedfc50	refs/ghprsq/pr/1370/head
12af409c953abad27272a9745c7c92d7f6c64d2f	1d59dd65e480f9d4763ea617ed98a3b47e16fdb6	refs/ghprsq/pr/1370/result
12af409c953abad27272a9745c7c92d7f6c64d2f	1d59dd65e480f9d4763ea617ed98a3b47e16fdb6	refs/ghprsq/pr/1378/base
d976514d4e917999d173814ff35a7757a23bd390	c9d64ad21c401a98a59999fe904425bd5e91a7dd	refs/ghprsq/pr/1378/head
653fa487e164f839d037d1fa8a501c285497a61b	d6f38c4fcf59a7884b649e0553d9b8cf08b3ee5c	refs/ghprsq/pr/1378/result
653fa487e164f839d037d1fa8a501c285497a61b	d6f38c4fcf59a7884b649e0553d9b8cf08b3ee5c	refs/ghprsq/pr/1382/base
1ea841067c9a9833ecc4dae002212cff2c061712	3616ecb5478471d1fbbe4235cb6b0cd887233e71	refs/ghprsq/pr/1382/head
31fc364ef8a91ab5a5fd0ccd039dfd42e65b2094	0287d4b5a0cc40aae1ead1d0040f0ed92315ac7f	refs/ghprsq/pr/1382/result
422a73d6ee780411c13ea235caa5534e152bff06	7fcb46a9350840d4bb4ffd18e26f3c32eccb5ddf	refs/ghprsq/pr/1384/base
48c579144a101522c2d27a4c24f933dddac53f84	da57ed00abe5fd71a5d1ac4b4b35c9cd67ea1cdb	refs/ghprsq/pr/1384/head
754092b260a99565fa16d21a0d9e16b504b512a2	2f42c52d7b78d1a4fb38bfaaf1d44dec1ac3d3a0	refs/ghprsq/pr/1384/result
cc98bd9122c98efcd3797b9fd598bf5c960c3056	1125e2dbdb449393a5068dd74190940fa1a86a2d	refs/ghprsq/pr/1386/base
73e87a1f385b72332345c9cd391dc2d3e01dc695	1adea2028f11e56f991165e91d9f4e8d889ac83b	refs/ghprsq/pr/1386/head
d51c45609dc0e44a634b3502b7006c89fdab6a6c	93893a7c0e86aa8d957ad05f6039ad3b656aee94	refs/ghprsq/pr/1386/result
287ca96fca64a3068dd6c66a54dad15b32b8dd26	af95e6819db06f961a7c401d1f1687cee901a2ae	refs/ghprsq/pr/1387/base
ef107395f6c696e94fefb22ba9303ad889a5e4f2	40d27f043459d7458ab6ac8c9451019cbb1f4758	refs/ghprsq/pr/1387/head
7e6412f3ea24c2b2a6feb438086f4554ddc9ddbc	86ad373c7479c4341bc1cf289ad92aee5ce39f8e	refs/ghprsq/pr/1387/result
b2872a8baa5e772c78b5294c838fdc8b913e2c0c	df0d8c98be7222e3bf058ea69df2ad4994c7bb8f	refs/ghprsq/pr/1388/base
b0dd787935e141ad6d1ae972769db603c977a8da	468451e591f1aad604b7a10f6c2bf425868cccff	refs/ghprsq/pr/1388/head
422a73d6ee780411c13ea235caa5534e152bff06	7fcb46a9350840d4bb4ffd18e26f3c32eccb5ddf	refs/ghprsq/pr/1388/result
a0fccf556bdd7d6f1904ccff237ac2c3f413313f	143e72f57b04528245daf232e19d1c977de392a8	refs/ghprsq/pr/1390/base
3ba971ab9c6fd90243aa987ffe0ba898bdfb3082	c5e38958c2db2ad94e84bb136967b9620b5c61e5	refs/ghprsq/pr/1390/head
1a82269918827a0314d837ad3c18a2dbbf440a27	8c6771f836cd41853aca4b643a1aa11fb5a34f19	refs/ghprsq/pr/1390/result
754092b260a99565fa16d21a0d9e16b504b512a2	2f42c52d7b78d1a4fb38bfaaf1d44dec1ac3d3a0	refs/ghprsq/pr/1391/base
304a4a00d620d1667eebdb9386465e2f64549776	98cb70fb9d0e5978c7d2df6c8633718de4c10963	refs/ghprsq/pr/1391/head
cc98bd9122c98efcd3797b9fd598bf5c960c3056	1125e2dbdb449393a5068dd74190940fa1a86a2d	refs/ghprsq/pr/1391/result
d51c45609dc0e44a634b3502b7006c89fdab6a6c	93893a7c0e86aa8d957ad05f6039ad3b656aee94	refs/ghprsq/pr/1393/base
2c4f762f4d2d1b339941d990ff638e43c26a9ce3	68eab84f229712c964f910e2d2cac2d814cff092	refs/ghprsq/pr/1393/head
287ca96fca64a3068dd6c66a54dad15b32b8dd26	af95e6819db06f961a7c401d1f1687cee901a2ae	refs/ghprsq/pr/1393/result
063e99691ad8c2a44150cfda8858b59c904ce5cb	f3ff0fbcc51ad0f8819fbac267c479a656dfc76b	refs/ghprsq/pr/1394/base
f32adc5b7fc679be38c4d090870fb96e27af5494	66460f9ad068f123579074225bb043952ea57f9d	refs/ghprsq/pr/1394/head
60dffe677baac89ba161f3bd3fac9197cea5ea02	b18fda3bd814f598256ecc854fdac72a15cffa57	refs/ghprsq/pr/1394/result
79b98e7bcbbb1dc781b8e1f64dc30d1f2f2f4903	e895da1b0fe581ec8ad823769dc538785edf35ab	refs/ghprsq/pr/1395/base
6dcf68202eda753d3ea58cb83283c277f5e693aa	b503feda2ac7f502de96f53ef16fa72c7304644c	refs/ghprsq/pr/1395/head
a0fccf556bdd7d6f1904ccff237ac2c3f413313f	143e72f57b04528245daf232e19d1c977de392a8	refs/ghprsq/pr/1395/result
84e0f1ab4ab03eb0f68af01fb09cf8bd7c314d97	c7308e42b34181434a683f05079141a4b28cf900	refs/ghprsq/pr/1396/base
d1cfe5824240a9c5ed25814d65f602efd23d4507	10fb2040aac3d4eb531537524394c5db7532ecf9	refs/ghprsq/pr/1396/head
79b98e7bcbbb1dc781b8e1f64dc30d1f2f2f4903	e895da1b0fe581ec8ad823769dc538785edf35ab	refs/ghprsq/pr/1396/result
7e6412f3ea24c2b2a6feb438086f4554ddc9ddbc	86ad373c7479c4341bc1cf289ad92aee5ce39f8e	refs/ghprsq/pr/1399/base
0dd0d252ac15ed900b6c82b9a94a16978e82705a	5676d3dc03eb4b021591f166f8fd695f14928e42	refs/ghprsq/pr/1399/head
84e0f1ab4ab03eb0f68af01fb09cf8bd7c314d97	c7308e42b34181434a683f05079141a4b28cf900	refs/ghprsq/pr/1399/result
c98e4b4e706407957972ca13588bd2076db05e84	ce884d98245a5d03cf2808882540128e4b8b6448	refs/ghprsq/pr/1400/base
0973df3e258af3f8063dbe95dbb57a7aa9396d3f	1b410de2e0fa05457469deb09df5886a744b0593	refs/ghprsq/pr/1400/head
73f0ebe072bcf3130635e5c1bdb6a588e455a859	04c6812a50f910128023ef976b8e9ce05836348c	refs/ghprsq/pr/1400/result
1a82269918827a0314d837ad3c18a2dbbf440a27	8c6771f836cd41853aca4b643a1aa11fb5a34f19	refs/ghprsq/pr/1401/base
23e4c54a3f3a2607a6ea05353fb27e7bf8e4a549	b4feca4cd09334c3cc3ed8048dfb6024c98808e1	refs/ghprsq/pr/1401/head
063e99691ad8c2a44150cfda8858b59c904ce5cb	f3ff0fbcc51ad0f8819fbac267c479a656dfc76b	refs/ghprsq/pr/1401/result
74f681fa68de8f9c634835a9f4b0e6f6a8cd07f2	46af68785e15b0156f0aa8340b8fce04d4423f50	refs/ghprsq/pr/1411/base
8003ecbaaa868181ffeffd3a398ad634aafc302a	eda5e74afe692d0837dfb2426d00bf4a9399c68b	refs/ghprsq/pr/1411/head
430ad496581bf04d0fb45766078cfb7a9db485bf	07e12317972af9cb3f6e857b55f5e260d2d0c908	refs/ghprsq/pr/1411/result
60dffe677baac89ba161f3bd3fac9197cea5ea02	b18fda3bd814f598256ecc854fdac72a15cffa57	refs/ghprsq/pr/1412/base
f49b67b2d5685f9f3479ea956e0ea249386f2651	eb6e9a1538c5bb39acab55abaf499dafb17a12bb	refs/ghprsq/pr/1412/head
84f8f423e51a4b00efe7742a62882f0e2ea74081	bf68ba2a10a900ad8ab59747f0f4e231be12ceec	refs/ghprsq/pr/1412/result
73f0ebe072bcf3130635e5c1bdb6a588e455a859	04c6812a50f910128023ef976b8e9ce05836348c	refs/ghprsq/pr/1414/base
69f42718997d6c437d89446d5ebe54db8cdaddca	11824efb913a578dc678e076831cf8ab8b2c7e94	refs/ghprsq/pr/1414/head
da428b276db0a2ba8993ac705e4f391eadd146f1	00e63287d80f1db3e0d9cbafcdd30d1720bff50d	refs/ghprsq/pr/1414/result
84f8f423e51a4b00efe7742a62882f0e2ea74081	bf68ba2a10a900ad8ab59747f0f4e231be12ceec	refs/ghprsq/pr/1416/base
c6a63c201ac05a193ab56982faa6366025330754	ec79e3fa7b2f57a3673930b20b637fb59b246aa9	refs/ghprsq/pr/1416/head
74f681fa68de8f9c634835a9f4b0e6f6a8cd07f2	46af68785e15b0156f0aa8340b8fce04d4423f50	refs/ghprsq/pr/1416/result
430ad496581bf04d0fb45766078cfb7a9db485bf	07e12317972af9cb3f6e857b55f5e260d2d0c908	refs/ghprsq/pr/1431/base
9c2f60d226d3f0e878048168017564d9c8e37310	f5116595db6874ad555b7c5eb1be6d64389595f7	refs/ghprsq/pr/1431/head
c98e4b4e706407957972ca13588bd2076db05e84	ce884d98245a5d03cf2808882540128e4b8b6448	refs/ghprsq/pr/1431/result
b0c206af7981156e64a1d7274495b99d1377d017	abeb831f4024cbb3cbfbf9fb8a78030453dbfcd1	refs/ghprsq/pr/1432/base
64fbf3ec82c45207df2160ffc90bc408d6966187	086ea2355d878c359d3ee4e1a09f7ae27b5f269b	refs/ghprsq/pr/1432/head
abed2db8e71362b4ada2a7fa8fcbcf271cd689df	8f51de60c4675912b966cc2bcc1ae0200822ef6b	refs/ghprsq/pr/1432/result
da428b276db0a2ba8993ac705e4f391eadd146f1	00e63287d80f1db3e0d9cbafcdd30d1720bff50d	refs/ghprsq/pr/1445/base
2e66130fb75e09c5e2318a8eeeeb3c72248ecfdd	488033fc7a73fc0cd37e84574e231a71c9393257	refs/ghprsq/pr/1445/head
b0c206af7981156e64a1d7274495b99d1377d017	abeb831f4024cbb3cbfbf9fb8a78030453dbfcd1	refs/ghprsq/pr/1445/result
28b52cb2e493d9f8881b5058fe749f33d729e1cb	3250194671672580b8296c6b537d7c09375c3b70	refs/ghprsq/pr/1453/base
ff47c43b0178e1b8f00c0fa1ed5076257a17917b	73dee22e6ab4cb60a83615b5ee5bd63e56c17c4b	refs/ghprsq/pr/1453/head
d0ec99bb1f02b2f37e81d018e610c644216f748e	9ef55691a71dbf481457b7f35019f05d14baa4b3	refs/ghprsq/pr/1453/result
d0ec99bb1f02b2f37e81d018e610c644216f748e	9ef55691a71dbf481457b7f35019f05d14baa4b3	refs/ghprsq/pr/1454/base
da586bf604664ec92d949c592daeed6fcf63fea3	2800b81d20fb10d0bfb00a4457a5d267d14b90f2	refs/ghprsq/pr/1454/head
7db94339b7890d5deaa598c21fd1c0027ba18bc0	24182b1ed2fda67c6a2dcc9f88d1826794073a7d	refs/ghprsq/pr/1454/result
abed2db8e71362b4ada2a7fa8fcbcf271cd689df	8f51de60c4675912b966cc2bcc1ae0200822ef6b	refs/ghprsq/pr/1455/base
54f10e373fdb79d16a4b17fabf839ba7cea17f86	83e502c0b334a444603414ca33b16f75ab85ad21	refs/ghprsq/pr/1455/head
31b61654fedc44b178a471399b3552dbc525c38e	7dd7910e6f5df4f3827263c43f4f9e83b7ae6380	refs/ghprsq/pr/1455/result
31b61654fedc44b178a471399b3552dbc525c38e	7dd7910e6f5df4f3827263c43f4f9e83b7ae6380	refs/ghprsq/pr/1456/base
478d601e61b201ce729206d4ad29065bfb7c8300	adbbd3b7d73936a97a5b296eb354c1da8f0efb5f	refs/ghprsq/pr/1456/head
28b52cb2e493d9f8881b5058fe749f33d729e1cb	3250194671672580b8296c6b537d7c09375c3b70	refs/ghprsq/pr/1456/result
dd41d50244df6081a64d556b1b5a2d67bf533287	b28373a769d25b2f96a6f98e414f763fc564585a	refs/ghprsq/pr/1457/base
29398b0f65c1593dee204b83c20193d1e99674ad	53c97720568e04b3b3b53db0ba29a56b7b4576df	refs/ghprsq/pr/1457/head
77465b27991e936a4fe90f6a1374faab42c17c05	8c66c622b148fe418758211fa530efd5e28da43c	refs/ghprsq/pr/1457/result
77465b27991e936a4fe90f6a1374faab42c17c05	8c66c622b148fe418758211fa530efd5e28da43c	refs/ghprsq/pr/1469/base
43c75ec7ddfdb4b6d8972b80cd5b455ee9058254	b341eca3496638d1fc770047ff5402e681153f6e	refs/ghprsq/pr/1469/head
077e3ce521a9bcff30f62274f63aee50a6a0efcb	9073318944af0d62434d17ec67654a734a084622	refs/ghprsq/pr/1469/result
077e3ce521a9bcff30f62274f63aee50a6a0efcb	9073318944af0d62434d17ec67654a734a084622	refs/ghprsq/pr/1470/base
0a6782c7b9ef5c9437784fb40a4a6b89251e7e6e	8aaf6d57ae47286ebb6ff75c59a205cd1b374a8d	refs/ghprsq/pr/1470/head
03f0ec4033433235bdadb81b757dbe398074ed6b	4b81ea27b0c3147927bace49904038261087e039	refs/ghprsq/pr/1470/result
03f0ec4033433235bdadb81b757dbe398074ed6b	4b81ea27b0c3147927bace49904038261087e039	refs/ghprsq/pr/1471/base
b2e68769ce5d2370b5f8a8c8f027478768311bb8	bcfc57d26e5a3cd2391fd70067b321a6b0d6275f	refs/ghprsq/pr/1471/head
d2e5a7ca4239d1ded73365e1c3b08a6ec9ccb2ae	287545b885aa86a84161a480a75f9e3996546d04	refs/ghprsq/pr/1471/result
d2e5a7ca4239d1ded73365e1c3b08a6ec9ccb2ae	287545b885aa86a84161a480a75f9e3996546d04	refs/ghprsq/pr/1472/base
af2b04d346fe2cf50d1d4343e537c86d98f06f16	86693ee5c1579449f078e8f358e4cb09674b66cd	refs/ghprsq/pr/1472/head
31b1c3a0076915b0bca916d6fde0a7feb8befde5	739f3aa64e8baf3e226165496c784e05759d2471	refs/ghprsq/pr/1472/result
c5cb113be89f81571cdbaae17066a5f87e969482	598f1a9d9e76855313ba0474c4081d041c6fa191	refs/ghprsq/pr/1473/base
16711c90f48dd974669edf53b8a3d01da5cf43ed	29ed860ee2aa969ca2ba27c0b0af2dfee3e302e2	refs/ghprsq/pr/1473/head
f9654fd08535cdc3427e0926747251c6d1bf4141	691f4a2000fee4be8de74f1b90da4c5e3ecfadf4	refs/ghprsq/pr/1473/result
31b1c3a0076915b0bca916d6fde0a7feb8befde5	739f3aa64e8baf3e226165496c784e05759d2471	refs/ghprsq/pr/1474/base
739a6cc74bb073d38b4836f2fc755baae1210bf9	728a69ee0ceded671a770ee9d1e62c163dce58b5	refs/ghprsq/pr/1474/head
5a5fe62c6a8aa0a7c67468ce70da4b18afe0e3ad	54e6a12fe1be9b595e0330fd78a8354f8c5440c9	refs/ghprsq/pr/1474/result
18c449d87e2a5cd97a3bba53fedbd5f8881b3909	1a634c86affd215897c75adc0428bfe2448e32c8	refs/ghprsq/pr/1477/base
fa8d6658d708d9807fbb39079f96ecae70f67a08	8109fe415d5169d8cefbbedab75f3ee1011a3989	refs/ghprsq/pr/1477/head
4596950e25599235baf4e723c1c8301bada56c32	b99042eaaef33f8efb29e27086784a572c1dc112	refs/ghprsq/pr/1477/result
5d7bc3157afb6fabbecb6e3a0a8f72f113ac1c2e	3320602a363d4a15c16780e001e8f102bd5656f9	refs/ghprsq/pr/1478/base
0c0f8174e11d60cd59f72560033994c3d8c97a9e	dd764b1ee6f34a8ed58cded51c741c5f899951ed	refs/ghprsq/pr/1478/head
18c449d87e2a5cd97a3bba53fedbd5f8881b3909	1a634c86affd215897c75adc0428bfe2448e32c8	refs/ghprsq/pr/1478/result
4596950e25599235baf4e723c1c8301bada56c32	b99042eaaef33f8efb29e27086784a572c1dc112	refs/ghprsq/pr/1479/base
8206b78cff754521c8dffdb2fc7aea2f786f842d	c5e80d78bdbbe9f0ec37f6342e967972157b78d3	refs/ghprsq/pr/1479/head
a0476a43f1c958ce38425b9ef5537ca438468a3f	698d4f8afa4880f16ebb03586f086318f691d92e	refs/ghprsq/pr/1479/result
da09ea889e5b004fe54740607b59243cb0ede6d1	8644ad4b524429e02835843ebcf3498ffd7d4dd6	refs/ghprsq/pr/1480/base
7fe5259baa723087bbd86a55dc57e4590c41fa2d	fbd81499d43799742d7f3a83ca8be4e38174fc29	refs/ghprsq/pr/1480/head
ec1bc859ac0fa043d25aadc5b9ef29f81d52dd7c	416e7f65c6c9218619c9f5df7aefaeedb6ab1290	refs/ghprsq/pr/1480/result
a0476a43f1c958ce38425b9ef5537ca438468a3f	698d4f8afa4880f16ebb03586f086318f691d92e	refs/ghprsq/pr/1481/base
3a9e38a2c122b1942b897daef0ccfb4b58737307	76ba58511a8f36d0f5ad910d105419cb77111076	refs/ghprsq/pr/1481/head
da09ea889e5b004fe54740607b59243cb0ede6d1	8644ad4b524429e02835843ebcf3498ffd7d4dd6	refs/ghprsq/pr/1481/result
ec1bc859ac0fa043d25aadc5b9ef29f81d52dd7c	416e7f65c6c9218619c9f5df7aefaeedb6ab1290	refs/ghprsq/pr/1483/base
4dac1b2c7cb45f3910d20fb1e6bc1415d7b4fb07	deca19c467a7f76585d079778e1eae329646cbba	refs/ghprsq/pr/1483/head
3576ebe2eca7f93bdb27062699e64506da9c7f0b	cf3d088c1db24b2e71cd4f77ce24266c4207d744	refs/ghprsq/pr/1483/result
3576ebe2eca7f93bdb27062699e64506da9c7f0b	cf3d088c1db24b2e71cd4f77ce24266c4207d744	refs/ghprsq/pr/1484/base
23b18c6a900a8a77829a5e85f43810e23fe4bbe7	8447b0813990a29e697054f5605369a7aeeef7c1	refs/ghprsq/pr/1484/head
afac0c8ca64364bf18d113a8827b9a31c5ca8811	5b3ea9336a15f461f907f25f03e7a40404525a77	refs/ghprsq/pr/1484/result
f3ea7d775afc7defe8eba031afd66805f4e50228	d020da3fc959bf3ec55df95f0174fc0f5ebd2a78	refs/ghprsq/pr/1485/base
44ba8361e0c1462572e41dc9d6d6824dd6a692a2	6ec0cf12269d04ffa462e97dc2fc3a364ad3c947	refs/ghprsq/pr/1485/head
1f9c9e4c56c6ebf16b092a142cce5716c9ae13b2	10dc98700de3ad5f5b7da7e4cf66999dbdf5d407	refs/ghprsq/pr/1485/result
afac0c8ca64364bf18d113a8827b9a31c5ca8811	5b3ea9336a15f461f907f25f03e7a40404525a77	refs/ghprsq/pr/1486/base
e332141f41748f03de0ea101264b71ed731e0f37	2538b782fd16c4be474808c1c82efcff43d50548	refs/ghprsq/pr/1486/head
f3ea7d775afc7defe8eba031afd66805f4e50228	d020da3fc959bf3ec55df95f0174fc0f5ebd2a78	refs/ghprsq/pr/1486/result
1f9c9e4c56c6ebf16b092a142cce5716c9ae13b2	10dc98700de3ad5f5b7da7e4cf66999dbdf5d407	refs/ghprsq/pr/1487/base
6c977186a5a210b15effedebb4c37b968faff5cd	b4eee7fdc34a931e3b0a956db8744b01e8aeb30c	refs/ghprsq/pr/1487/head
046c249658aacf7c05d2018547136c3f659037e1	7d7d27d39dfbc60d10448f833c097194dff26aa5	refs/ghprsq/pr/1487/result
046c249658aacf7c05d2018547136c3f659037e1	7d7d27d39dfbc60d10448f833c097194dff26aa5	refs/ghprsq/pr/1488/base
43c87a6937afee056c311b59d27b089eb3507d8a	7040de07189a8df6bdf0f406fc90e7c9d1bcadfe	refs/ghprsq/pr/1488/head
d3ddce651485e5b20ac8b5d7e1621741f1e0de38	8d4a6e03e4b34817a8508242f7ffa166862968cf	refs/ghprsq/pr/1488/result
d3ddce651485e5b20ac8b5d7e1621741f1e0de38	8d4a6e03e4b34817a8508242f7ffa166862968cf	refs/ghprsq/pr/1489/base
30ff33c3897b6cba1115f553eca6a6f927eb4c39	589b06cbd9641dc79cba657a3fb08e3a6ba69a33	refs/ghprsq/pr/1489/head
a1d36b1e68cbe58d69608d021fea8f8daf1412cd	e95ceb77c55dd7a0b9ebf0ea7f9cf6135a61a2a6	refs/ghprsq/pr/1489/result
a1d36b1e68cbe58d69608d021fea8f8daf1412cd	e95ceb77c55dd7a0b9ebf0ea7f9cf6135a61a2a6	refs/ghprsq/pr/1490/base
0d8eb040b85b84191a23a67c2197d215a37b6b60	b507af17fbeed9d57af3bd2b4e6e8061afb4a99d	refs/ghprsq/pr/1490/head
31b2cc127affc7a840329ae22089c8a9eca38ecf	fa5ad58ef4e8e6ab099ef6b2c94e764f9b0b3683	refs/ghprsq/pr/1490/result
31b2cc127affc7a840329ae22089c8a9eca38ecf	fa5ad58ef4e8e6ab099ef6b2c94e764f9b0b3683	refs/ghprsq/pr/1492/base
47af0160c64df519976453ae86f8455db1db596d	4c8e04216007c4976d51577463c54239cc3b7e0c	refs/ghprsq/pr/1492/head
1e5f47217e48d855196cec8dbe1f10ebd614eec9	4eabe04619b0c594eaa904ccfaa1562dd7713c14	refs/ghprsq/pr/1492/result
e3847aef105c128d624ff401e068aea71fca3c73	c3b0bc33ba0bd44f9e74cc109ce5133b66a1fa45	refs/ghprsq/pr/1494/base
ec707b5a1816f9b685ae844b2a2402bb98eb2e6b	2419038574db2ffb4bfaca901bf46433c57835c0	refs/ghprsq/pr/1494/head
70df2ad051e8ab20eec47b905415c81d495347f7	05ba767ef02946c0b70bd9af19a1f1e0f436f2b6	refs/ghprsq/pr/1494/result
1e5f47217e48d855196cec8dbe1f10ebd614eec9	4eabe04619b0c594eaa904ccfaa1562dd7713c14	refs/ghprsq/pr/1495/base
16308cc363904ac065ac33139860eaeb50edff5b	a76280dcfdc024ab754018ed37af8efd4949895d	refs/ghprsq/pr/1495/head
2cb2c30beb899e55793405fcb62758d340f08ae4	c3175b4c11a7f320704b25a70c87258c66d0d85f	refs/ghprsq/pr/1495/result
47398242ad147498cc48b213d5610055af10bad6	2aee9ed39a6bd9d9bb117a5ab3b080a0a54b5eb6	refs/ghprsq/pr/1496/base
ea170297208c218f9e3201acfb5b86c68ba2ac75	c7671a1f1f8ecd4aa093234b42a8741df7cba83a	refs/ghprsq/pr/1496/head
96d62e9586a1f85114cf81c074a2af9609e88c78	9ed276994c323e41bbc10211117d7de5fae12ffb	refs/ghprsq/pr/1496/result
2cb2c30beb899e55793405fcb62758d340f08ae4	c3175b4c11a7f320704b25a70c87258c66d0d85f	refs/ghprsq/pr/1497/base
ccfb4df165698c267745e4ec1f2483fbbfa62a71	e9ddbf267209076aafb7630274c38d1765d3c9d6	refs/ghprsq/pr/1497/head
e3847aef105c128d624ff401e068aea71fca3c73	c3b0bc33ba0bd44f9e74cc109ce5133b66a1fa45	refs/ghprsq/pr/1497/result
84c0d2601d8f0d738c38724e108e2cdb905a79a5	b61d0f697f3dcb600de2809cc986662924050ef8	refs/ghprsq/pr/1499/base
2b17deadeb2dc77c8afce6c4d071eb56f300e795	50496457348360dddb52c6204fc0e5fdbf9961bc	refs/ghprsq/pr/1499/head
47398242ad147498cc48b213d5610055af10bad6	2aee9ed39a6bd9d9bb117a5ab3b080a0a54b5eb6	refs/ghprsq/pr/1499/result
5c4cff7fa09149e95f6e664004739d06bbb1af98	20dccf3a7c2104aabaa7da4c75c5d991cd15e66b	refs/ghprsq/pr/1500/base
e43c476b896cae1df9b00d037e36f23ce5e0f4c9	7d6a1e7e57bd06ee46a46147172636d6ac04080f	refs/ghprsq/pr/1500/head
fee07eda437f67297d30c24d4acee2df473874b9	a108e2ade9d4cb452c0822134b5af17add051f0e	refs/ghprsq/pr/1500/result
96d62e9586a1f85114cf81c074a2af9609e88c78	9ed276994c323e41bbc10211117d7de5fae12ffb	refs/ghprsq/pr/1502/base
a4b4d4349baf739e7fd8a93f233c0f211fd0d0b9	a6f622b314eebaa478d04ec34e7d4f3dbff3dd5b	refs/ghprsq/pr/1502/head
5c4cff7fa09149e95f6e664004739d06bbb1af98	20dccf3a7c2104aabaa7da4c75c5d991cd15e66b	refs/ghprsq/pr/1502/result
fee07eda437f67297d30c24d4acee2df473874b9	a108e2ade9d4cb452c0822134b5af17add051f0e	refs/ghprsq/pr/1504/base
4ab28a1611a3bf6fcd587dca67c36ea39b1896c7	dfdc2566b2c8c497fc809b4c60b44eac84282b6a	refs/ghprsq/pr/1504/head
23a8f60eb1896e7f4e8c6a39f876558e828e7fff	c6bf631efc4960dd81950c6ddead2c2b4741d94f	refs/ghprsq/pr/1504/result
23a8f60eb1896e7f4e8c6a39f876558e828e7fff	c6bf631efc4960dd81950c6ddead2c2b4741d94f	refs/ghprsq/pr/1505/base
69dad7dbe03238b6a6277fb5636bf05cfe1f7c85	33c0e4bf42be4bbdc0ecd23c11c4534291faed82	refs/ghprsq/pr/1505/head
e57ff4278ad369ef08304a8b9124377879b03a26	53a8f98a1512bd04d0ed921dabcf77053847f0e6	refs/ghprsq/pr/1505/result
e57ff4278ad369ef08304a8b9124377879b03a26	53a8f98a1512bd04d0ed921dabcf77053847f0e6	refs/ghprsq/pr/1506/base
6976c9a7559ec583c5236c9c1018e2f7b0cf78ed	df046b77f3fb20ab18d2c1943c34c0f3ca140701	refs/ghprsq/pr/1506/head
f1995fbf173e11f21f3361c6fe5d18ba4645607b	1c1efa1665cb53cd788bae4c947c9c0b6fe79f9d	refs/ghprsq/pr/1506/result
b90c783110a343317adaca794c2f57214548b4ff	2571932b09da6ab5162100699e5719ad47211353	refs/ghprsq/pr/1507/base
a32c807aa086de6dd00eb883dfb183293399e52b	10dc7b403b67340c8bd2400e622d833d0755530f	refs/ghprsq/pr/1507/head
5e53309dc9a1a66f15b4f5f073e546768fca9704	c9518a12eebee5136102d103e3815963e332d9e5	refs/ghprsq/pr/1507/result
f1995fbf173e11f21f3361c6fe5d18ba4645607b	1c1efa1665cb53cd788bae4c947c9c0b6fe79f9d	refs/ghprsq/pr/1512/base
3f558a31c9fd093fe7e15bc7ee9474ffaccf6def	c81e3149570da70eb21109f6ee2ac4678d236958	refs/ghprsq/pr/1512/head
b90c783110a343317adaca794c2f57214548b4ff	2571932b09da6ab5162100699e5719ad47211353	refs/ghprsq/pr/1512/result
5e53309dc9a1a66f15b4f5f073e546768fca9704	c9518a12eebee5136102d103e3815963e332d9e5	refs/ghprsq/pr/1513/base
22fb3fa6020ea82b413bfc3618ae08f395c2cd4d	72eef9432ce325701d0f2e471dff76eaea2aa1c3	refs/ghprsq/pr/1513/head
e54885fc614e6500c49f3daf966867962b857b3e	c3c633767a1727857c739d0054ee1cac8e46bb27	refs/ghprsq/pr/1513/result
e54885fc614e6500c49f3daf966867962b857b3e	c3c633767a1727857c739d0054ee1cac8e46bb27	refs/ghprsq/pr/1514/base
68940b2d4138e23e6ba51162633882e537b038ae	df662396a1b2f0562e2264e203b9902f09c91183	refs/ghprsq/pr/1514/head
13634fcfac83d827856d2c83e62a22bec0269a62	cd88cf6e92dd296694ef5bbdb87b7be1a995e4e8	refs/ghprsq/pr/1514/result
2746b4924aeff66fe6fa04d4149b9772263aa2f9	f4b35789f51b66e453d03ac681a46877746a5bc0	refs/ghprsq/pr/1515/base
8dc65028b7887f5441f0619c4e2b019dd20de543	511e20aeb81495a41cdaeef2078ebb296ccaf2ef	refs/ghprsq/pr/1515/head
68940b2d4138e23e6ba51162633882e537b038ae	df662396a1b2f0562e2264e203b9902f09c91183	refs/ghprsq/pr/1515/result
13634fcfac83d827856d2c83e62a22bec0269a62	cd88cf6e92dd296694ef5bbdb87b7be1a995e4e8	refs/ghprsq/pr/1519/base
a708f6926a002a403f6d6ea4c9506f7db7ea4a40	59e134789f26d30da6e54eb76afb13cab2f94ce4	refs/ghprsq/pr/1519/head
e17f825f3d1808040d363559ded26de7bd1054cd	53c1f042d655311d6232c44b14fe34528510c6f2	refs/ghprsq/pr/1519/result
e17f825f3d1808040d363559ded26de7bd1054cd	53c1f042d655311d6232c44b14fe34528510c6f2	refs/ghprsq/pr/1520/base
f329ed756a0dcdd3dea854f80d9678ccb9369a61	f69227f38d87130481436f1bff83f58ce7550e17	refs/ghprsq/pr/1520/head
ed960684b2a8dd48045725ca3574579c96cc7320	9858f554cbe6f2adf1957dabb782b5405b80d50d	refs/ghprsq/pr/1520/result
e5d3b1203f6e86c896eec94149f10fede6007509	97cc17f3daa780b07268ec6898478b5d0606ee6a	refs/ghprsq/pr/1521/base
7cce8dd02ec99fe6483ab5871d42484654eaa88e	7f00706392878ebbadb71a6163cc34ce4ec8ffe2	refs/ghprsq/pr/1521/head
7b3c477e9621ef29c4575b89b8d3de8ae6a7e924	eebc9380fea3d1a08a0ec48121735044a375274d	refs/ghprsq/pr/1521/result
ed960684b2a8dd48045725ca3574579c96cc7320	9858f554cbe6f2adf1957dabb782b5405b80d50d	refs/ghprsq/pr/1522/base
9254bfa5a6bbd6c5fd8d12b1bbbe75320f638a8e	3882274a92c214f67886b4480e3e9dc52238f73a	refs/ghprsq/pr/1522/head
e5d3b1203f6e86c896eec94149f10fede6007509	97cc17f3daa780b07268ec6898478b5d0606ee6a	refs/ghprsq/pr/1522/result
7b3c477e9621ef29c4575b89b8d3de8ae6a7e924	eebc9380fea3d1a08a0ec48121735044a375274d	refs/ghprsq/pr/1523/base
ab6e060592292976ad1c6aad71b9a948ecfdb573	4cf7b571016370c6fbdb78d058a02fd55e71567f	refs/ghprsq/pr/1523/head
de7e8fd9239b9adbc1ddb5b70d675c287f222efc	ee0ef5583e9b686ec3bac3537fc1ef12268479ec	refs/ghprsq/pr/1523/result
de7e8fd9239b9adbc1ddb5b70d675c287f222efc	ee0ef5583e9b686ec3bac3537fc1ef12268479ec	refs/ghprsq/pr/1540/base
123fadc136ada7e0f1558ac829aa0dfe250f6dc5	368e8340a21deb64b852cc66e837b2af9fdeec7e	refs/ghprsq/pr/1540/head
6d25df02b4ab1c8e63d9c0bb35543fbea03aa36c	bd716f6fa0287053294ce5354492a30c5f43b2fb	refs/ghprsq/pr/1540/result
6d25df02b4ab1c8e63d9c0bb35543fbea03aa36c	bd716f6fa0287053294ce5354492a30c5f43b2fb	refs/ghprsq/pr/1541/base
2fa7c9cd2f90a560912d743e68da48b6ad800e8c	698c3fd2c4ab3ce61249cab5733dbf03ac6f5cab	refs/ghprsq/pr/1541/head
81096635a48a8c971560bc5a946cf5885121fe6a	44ad785831fd7ee5d81e230439eecc8330833fd3	refs/ghprsq/pr/1541/result
01aece0ff2d12043d337aa4b5d1f0c4e4db590a0	cc95f74322ae65f3fc3c452e97d92c72abc3e9ba	refs/ghprsq/pr/1542/base
b249246aa190cbc903492aa06b0256be7fa41eea	f1f31eb3ceec7c6b1d1cfdaf70e32cf3ba35121f	refs/ghprsq/pr/1542/head
68a97cb93c7364df140790aa44ef8e3adb88afbe	68e0fa0a9908128988f49f2539c9a33a5c0fbec4	refs/ghprsq/pr/1542/result
81096635a48a8c971560bc5a946cf5885121fe6a	44ad785831fd7ee5d81e230439eecc8330833fd3	refs/ghprsq/pr/1543/base
d272e8d78feb296dd1680bfa85548976f4c450ff	8b29122f920756d1e748cdba7c9aa210ef0bb2b9	refs/ghprsq/pr/1543/head
01aece0ff2d12043d337aa4b5d1f0c4e4db590a0	cc95f74322ae65f3fc3c452e97d92c72abc3e9ba	refs/ghprsq/pr/1543/result
055e5292857d495bfb02eb7b35a350503736cd48	dc4bd784247755017a04f53634a776bad47efac1	refs/ghprsq/pr/1545/base
c7f18616211d9451adcdb0ba3d682a1ddf6ba1ce	b0904a9bb1a4f169de6747be6f2942243ff191e5	refs/ghprsq/pr/1545/head
d97d044cc6cda958db9690f704851faba5e9b7b5	a81227342cdfef8a770147416692414a4a9ed444	refs/ghprsq/pr/1545/result
d97d044cc6cda958db9690f704851faba5e9b7b5	a81227342cdfef8a770147416692414a4a9ed444	refs/ghprsq/pr/1547/base
668ad336e016ebb934eaee2a697ddd7340ad3e12	3b7a428c738812fad20009fd88ca276c06c53a5a	refs/ghprsq/pr/1547/head
1de0daa66f4e7a8c253e3218932d89b2684b9fc2	230b4a667767b24cf150ae751d11786df53c4140	refs/ghprsq/pr/1547/result
c32d4f8fc951083e9766005310cbe1f8366f0b0a	b1cde2c0e9de290b13f90a860c1fb2d2ee57b74e	refs/ghprsq/pr/1548/base
11453eaba232a2c6935231f01e0d397f2c48e0e3	033a1c06289d9a203939a94ccc29be3a167687a1	refs/ghprsq/pr/1548/head
154921ddce1797b220877598f75d838e2075dc42	f5059be0c5e0cde8c1d0f2df760d43cf66c29f0b	refs/ghprsq/pr/1548/result
fe7244a5bf6a202bbfb68a3b9212f31ac53e91dd	053933b83c2002e0dcb5cd91feddbea82ad0b404	refs/ghprsq/pr/1549/base
5247c020e87ba0f6ea8653d5650324f8a868c397	362d49cdccdfee45964cde8bfc6039085e6ae38d	refs/ghprsq/pr/1549/head
448f0bb74e1acaa8f338914be8b5f36ad51e1991	b8d5d9a702620177cc8c24380258b6394ad5ec0e	refs/ghprsq/pr/1549/result
1de0daa66f4e7a8c253e3218932d89b2684b9fc2	230b4a667767b24cf150ae751d11786df53c4140	refs/ghprsq/pr/1550/base
0ac35c3bb10669e6e8227871ff6e92ebcd634ce6	7ddb459addef5d6d61206852cdd332dc0d81704b	refs/ghprsq/pr/1550/head
597f5a8299b0c502f9e72e3a9e3f30a01b5c2afb	bfb7a748c5daa158e57f3315d252a599bb39ebe0	refs/ghprsq/pr/1550/result
79fa406f0114ad1ce9a2f89f10aeabd60c4509d2	8e9f179b23a513c2e715c4c53bcb4cf3db474dec	refs/ghprsq/pr/1552/base
a2ddb4abf5deed2f925c1c0093f53ed77551b358	e6f88190a6a6ebed97eccdb86ddff67f0ad20e1e	refs/ghprsq/pr/1552/head
83a885ac96e79d74418d72cd2d7cebe2cd242264	e3b9e0ce1c537ab337c2e018c50cc871f7b618d0	refs/ghprsq/pr/1552/result
448f0bb74e1acaa8f338914be8b5f36ad51e1991	b8d5d9a702620177cc8c24380258b6394ad5ec0e	refs/ghprsq/pr/1553/base
08343ec118a05f4a1e54741b3ff3d81e32abf795	9edb97a37abdc16c61cd8bc0a0caf7b929bfb217	refs/ghprsq/pr/1553/head
38197471c04ea27282989e297ae14581693c53a5	ea80f6065266e943f7dad906373e5a0913c242bb	refs/ghprsq/pr/1553/result
844ceb5697c6afcb918721852c96628ef413b20b	21fc1d8275627ff1bfac1abd8d19b1b5deaf677f	refs/ghprsq/pr/1554/base
7c98ddf46abe44d5743343a173d8818fbadb5e30	3157cf9e79e70f269428dbf3a0cd6630a3b78dac	refs/ghprsq/pr/1554/head
79fa406f0114ad1ce9a2f89f10aeabd60c4509d2	8e9f179b23a513c2e715c4c53bcb4cf3db474dec	refs/ghprsq/pr/1554/result
83a885ac96e79d74418d72cd2d7cebe2cd242264	e3b9e0ce1c537ab337c2e018c50cc871f7b618d0	refs/ghprsq/pr/1560/base
444ca026d1f3e0c954ea8777bc7fb962ecd2e3c8	79573bbee4a4a19396fe67642979739293104d6f	refs/ghprsq/pr/1560/head
7b2bf3d13afe7301011d761d75438ffc43561eee	ac37ae6543b1686f48b6734429cd4e2022d79cfe	refs/ghprsq/pr/1560/result
7b2bf3d13afe7301011d761d75438ffc43561eee	ac37ae6543b1686f48b6734429cd4e2022d79cfe	refs/ghprsq/pr/1561/base
0e8eb9c3056c12df6713b8f9d6f619bff3e3b67b	48aa8c6d8bf13060f57c052344c0f6fbe960edc9	refs/ghprsq/pr/1561/head
bc9838d845a686f5e4358e5fc4fa4902c0e798c4	cb0145a956aa2bf058b0e4b1420fddf3e5e7338f	refs/ghprsq/pr/1561/result
6cfd86d0ac9450e8cfdc1ae0c54acfea326b186e	bca4e18e763e1a33a11dde349fd59bff447f72a3	refs/ghprsq/pr/1569/base
e374700dd6fd3a7e8dd5b3738714980526eb4761	3c8e3008929ecef417db8567d3f83876c5a6bc34	refs/ghprsq/pr/1569/head
fe7244a5bf6a202bbfb68a3b9212f31ac53e91dd	053933b83c2002e0dcb5cd91feddbea82ad0b404	refs/ghprsq/pr/1569/result
38197471c04ea27282989e297ae14581693c53a5	ea80f6065266e943f7dad906373e5a0913c242bb	refs/ghprsq/pr/1573/base
8fde5df306d291b2823624ea7d0f25dbee011f85	2b538fd772b49bf206cacee0770a627e98761eed	refs/ghprsq/pr/1573/head
a77563b3db6e2e90fd4acbf8cf7cee187897dc6c	f70f5e893476a7afa7f154cc70ce57df3986acd0	refs/ghprsq/pr/1573/result
d7745068f59b6dee187ab6b806bd2c04c9a1280a	2bbb0aebb83b2ceed4f19f08a3fa0474db0cd2f9	refs/ghprsq/pr/1574/base
d855f16e2b6f41fc992c3023c7982372203cbeb4	b87b3af7c9cdc0182dcb77a3224627f098631b8f	refs/ghprsq/pr/1574/head
c32d4f8fc951083e9766005310cbe1f8366f0b0a	b1cde2c0e9de290b13f90a860c1fb2d2ee57b74e	refs/ghprsq/pr/1574/result
154921ddce1797b220877598f75d838e2075dc42	f5059be0c5e0cde8c1d0f2df760d43cf66c29f0b	refs/ghprsq/pr/1575/base
bf4b1cddca62e1a42b13cc825db8e622835e99f3	90d6a14a352507f273c961c5bf00ce12509942f1	refs/ghprsq/pr/1575/head
bec6d64e9c6f6246baacb37187cbb3fd413ee6d0	c861a1d7e12d0bf59b66821dd04b59fee3c5bcd6	refs/ghprsq/pr/1575/result
b8d11edd0d0603977c626856ae9e0f34b4ce1573	050aea9b8a84d926cbd84437a9c4a4b0d4750edc	refs/ghprsq/pr/1576/base
e0990f72dc4ec77b0a6d08921662ba3f56babc11	4c3b18839812849eb3d365508bf57ac32790fe50	refs/ghprsq/pr/1576/head
562f4ca2c202028a5bee85a05ba2aa2033fc395e	15a6b08c46868e8042985b7616d7be21cccf734c	refs/ghprsq/pr/1576/result
a9f4bb06f2ac25e166cea6fd6992eda9ec2aec8c	900cd224ca9f904bfe003e33377c71513b812076	refs/ghprsq/pr/1578/base
dd7597c5cf6f4320cc9dd6338e5b6dc01b698810	da9a3e9d13ec982d81d9d1fb70d786aab05769dd	refs/ghprsq/pr/1578/head
5c440945e6cedf8bd579afebc035005dd6b99563	950f8d91c2076efd3946309449b00a9c370bf0fb	refs/ghprsq/pr/1578/result
526607a9522fd97e5fd8f8710c326582ee18572e	864e440170c7287a958f8f60904381c898fab4a9	refs/ghprsq/pr/1580/base
c8981b9b9507a2d39aae93f5abc241b5f4206018	b1d3b97306ded210a2e0d895e471336fd241eb5c	refs/ghprsq/pr/1580/head
5a42eacce8cf076ecb1268f4f5502a50a0b386dc	3790deda277775e7a3585642fc2fbcfe914a136f	refs/ghprsq/pr/1580/result
3770fa78d462b967f49204fd41d99476a7ac9455	c7fbcf55ec105c581f1d5a13cb182b537abceec5	refs/ghprsq/pr/1581/base
fadcb30af88026651703c5372db4295d87c5c4a3	51429825f18e0d604265197879b897dad9c64907	refs/ghprsq/pr/1581/head
f5cf288db66b7b90ef693da4ec8a205357d04b90	d5bbaf1f3f92aacca0b7e3c4c91e71fb0bbc9858	refs/ghprsq/pr/1581/result
3e69882dd0d437f57b2ffb485f74859387f3420d	5044d0270e360bfe819fd52cfeea136907fc579f	refs/ghprsq/pr/1582/base
2a9178b3f2e94c0d28683ff12dc3e8d63440075e	6cd0e67129ab59a4293be9d470eeaf6ae83ca0de	refs/ghprsq/pr/1582/head
7c2b99c971597f1f79312e0a56a5f671d08e8b93	fec515819eb0ec91b282a3d7277c70ba4d606493	refs/ghprsq/pr/1582/result
f5cf288db66b7b90ef693da4ec8a205357d04b90	d5bbaf1f3f92aacca0b7e3c4c91e71fb0bbc9858	refs/ghprsq/pr/1583/base
9fb2ba6675e4dc67dfe1f898482c4910906d7b07	521b2cbc78799cc445fe605833ec77320ebee161	refs/ghprsq/pr/1583/head
ea0799da3980850e5d1e1c5bd4c339d097ae5f23	35008ccd3a4d44fbd8aa39879e217ad383867b97	refs/ghprsq/pr/1583/result
ea0799da3980850e5d1e1c5bd4c339d097ae5f23	35008ccd3a4d44fbd8aa39879e217ad383867b97	refs/ghprsq/pr/1584/base
85efd2b94c25ead275e4c46e99ca9f6bc693c788	9ac506a681b99297df74b2c48539b996dfdd3e01	refs/ghprsq/pr/1584/head
44cfabe20b781681baccf6e5106e079bd99316c5	2116ab7616b2fcfa28db21e10ff99bec11afb3cc	refs/ghprsq/pr/1584/result
d4f9b438b27b5b1094170a830d11a4ccbc0cc37e	564156aa7f87e8b947ccb124d479dfcf1d042efc	refs/ghprsq/pr/1585/base
61240231a6c16bd4bb57a7521e5db62e5670ea52	75d552ca09ebe044a5d46d0f937eafc88a9fa4cf	refs/ghprsq/pr/1585/head
e0c7b78da5d6b43998006abbca9d95a2e6807abb	e4fa0cf14401ed14589272f5bac212b147194acf	refs/ghprsq/pr/1585/result
813ee6a982f56994346e3b6fa1cff80872ffeef6	293fa258a355e5f8238df102682bca9b29587f6a	refs/ghprsq/pr/1586/base
828b4f5ade2770cb23ec80cfd1281644053bb4d7	3bb176081e0ec6d12413036ed4363193684a0f77	refs/ghprsq/pr/1586/head
44be86e53b4b06ac55e8e1722767c8904871e617	927d1b0aff43c43e387e6aa7a7e76ace33f17c0a	refs/ghprsq/pr/1586/result
44cfabe20b781681baccf6e5106e079bd99316c5	2116ab7616b2fcfa28db21e10ff99bec11afb3cc	refs/ghprsq/pr/1587/base
c9580af90c7c66e1008e72d2af499a33ae902907	40c320cdbe68f17e75b952febd8d3a5ce724b710	refs/ghprsq/pr/1587/head
d4f9b438b27b5b1094170a830d11a4ccbc0cc37e	564156aa7f87e8b947ccb124d479dfcf1d042efc	refs/ghprsq/pr/1587/result
e0c7b78da5d6b43998006abbca9d95a2e6807abb	e4fa0cf14401ed14589272f5bac212b147194acf	refs/ghprsq/pr/1588/base
cf149a1832804a5785c74800aa9b02a6baf3e2f1	355d5a4688e2049fccfbc7b7c2ff1a8a22bf16e1	refs/ghprsq/pr/1588/head
9eab53f1a02dc5e3d62c5c34af9ca4fce691e343	c696c54fed7d50543d436367e98d4727aff4cef4	refs/ghprsq/pr/1588/result
9eab53f1a02dc5e3d62c5c34af9ca4fce691e343	c696c54fed7d50543d436367e98d4727aff4cef4	refs/ghprsq/pr/1590/base
5391a9fc6c5e1ccfc3057a6f0b87934bcce1e66a	755e8dc590844601b7b0f08b6691148030e4ef02	refs/ghprsq/pr/1590/head
813ee6a982f56994346e3b6fa1cff80872ffeef6	293fa258a355e5f8238df102682bca9b29587f6a	refs/ghprsq/pr/1590/result
7f115e9688ac03ed564b294c819624f7b28fb237	7c603768883e820fba224f1d763c9024b8a3589d	refs/ghprsq/pr/1591/base
70f0d6e3da1196ca32d7261047e05da18789e4f5	754f97a139b33841eacc1e57e56ca80b8daf1304	refs/ghprsq/pr/1591/head
1b7a1643cf15e456f9748d3a9fbf9c756d11ca1b	e9e2671af0c302c0dee8ab4b0465b1da55511d32	refs/ghprsq/pr/1591/result
44be86e53b4b06ac55e8e1722767c8904871e617	927d1b0aff43c43e387e6aa7a7e76ace33f17c0a	refs/ghprsq/pr/1593/base
394a7560a03d0715ad2030b2982b866e516d603d	35c219cd6c0f948a3d6aed5005271846c209ce17	refs/ghprsq/pr/1593/head
7f115e9688ac03ed564b294c819624f7b28fb237	7c603768883e820fba224f1d763c9024b8a3589d	refs/ghprsq/pr/1593/result
2e5ed6e77393e7e21739f1a9e1181bfc3c4def2a	4ab969543e1ee1df4923a36d51ea98c9b7345b9b	refs/ghprsq/pr/1594/base
c7a5b9e39ad6f80d038177c02385729cf514f583	4cb173be55c077bf0bf54c4456a327637b0d0da7	refs/ghprsq/pr/1594/head
86b99ce0d452aa8a7756cd091106be4f53c69a70	f68780cfb3dac4081c33895ea54257186364f9fd	refs/ghprsq/pr/1594/result
262959f1fa02e3514e1e9bc111cdadcb32fbd04f	28258134c0336256bc0a3a1586bd2cb7d26fe485	refs/ghprsq/pr/1595/base
7c738be4676a47f2ef297f6bceead3c3ac422a5c	1e64929a58e9727b9192ae71b036807dc9f3a66f	refs/ghprsq/pr/1595/head
570e46207cf02be43b5d605241f557ed35f5f293	9e7bc08dc6afc22ab1e5258c646d84cff7002321	refs/ghprsq/pr/1595/result
cd887e44e8fb817c6970cd2819f43d1c982459e7	065442fa1fe4d49de8905bf23a876f03d1c60598	refs/ghprsq/pr/1596/base
60a7edf17c6ac76866974b3c2b82a344355c6dd2	01d979e265530743bf5f73ef509426265018fc1a	refs/ghprsq/pr/1596/head
262959f1fa02e3514e1e9bc111cdadcb32fbd04f	28258134c0336256bc0a3a1586bd2cb7d26fe485	refs/ghprsq/pr/1596/result
86b99ce0d452aa8a7756cd091106be4f53c69a70	f68780cfb3dac4081c33895ea54257186364f9fd	refs/ghprsq/pr/1597/base
4ff089f19551802606be7a04c71bcbed6b9cd23b	416b90ab0ef04baddbb18121ae1807e632e902c3	refs/ghprsq/pr/1597/head
f776fe83493a55f3db75f7248a70a95f380a7d63	fb734847ad21216721c6c251a2fe590ad5e1262c	refs/ghprsq/pr/1597/result
570e46207cf02be43b5d605241f557ed35f5f293	9e7bc08dc6afc22ab1e5258c646d84cff7002321	refs/ghprsq/pr/1598/base
015c58969183ea1094ffd07a618fdb26c55ebd10	b4166cae0c03a2cfda6a47ad90fff2ba52d22bf6	refs/ghprsq/pr/1598/head
2e5ed6e77393e7e21739f1a9e1181bfc3c4def2a	4ab969543e1ee1df4923a36d51ea98c9b7345b9b	refs/ghprsq/pr/1598/result
1b7a1643cf15e456f9748d3a9fbf9c756d11ca1b	e9e2671af0c302c0dee8ab4b0465b1da55511d32	refs/ghprsq/pr/1599/base
b406718aefbebb8380c3079d4bd86454edfd0a11	47d799b5cef4f07009e2b71f2c2ef1d973dab5f6	refs/ghprsq/pr/1599/head
cd887e44e8fb817c6970cd2819f43d1c982459e7	065442fa1fe4d49de8905bf23a876f03d1c60598	refs/ghprsq/pr/1599/result
f776fe83493a55f3db75f7248a70a95f380a7d63	fb734847ad21216721c6c251a2fe590ad5e1262c	refs/ghprsq/pr/1604/base
d1a70c1e03ed37f217aa7e765d3d0e348434795c	7843a311ec7d1e2254eaf1b0b41a9e3e836f75d2	refs/ghprsq/pr/1604/head
f0cec36c5c4ab478f0e0b15816f6c9782a12b426	ca7654bf8cf68ea2858fff445d00b357f2b509da	refs/ghprsq/pr/1604/result
f0cec36c5c4ab478f0e0b15816f6c9782a12b426	ca7654bf8cf68ea2858fff445d00b357f2b509da	refs/ghprsq/pr/1606/base
0b4e22ca95ead637b9ea9586697b4251252f2751	0eb26047dcea10f34e1497a98cc70615c11de601	refs/ghprsq/pr/1606/head
61be56773994e0f92a67c943e6aad7099826072d	bc55433acdfb5a6c5a879e7649c548f84f911674	refs/ghprsq/pr/1606/result
61be56773994e0f92a67c943e6aad7099826072d	bc55433acdfb5a6c5a879e7649c548f84f911674	refs/ghprsq/pr/1607/base
379bfae85545d403537c60273446198979020af6	4db0dde9acdb376d1e203fc352d63e1fb275dec1	refs/ghprsq/pr/1607/head
9032c2f6e6b8803488842e85478612ce3944d242	1361ab1dfcaba673c64b5a47b49c195524344291	refs/ghprsq/pr/1607/result
