008997c469bd12e94abedb33bcec2f80219485e4	4f863fa018a1d9363238ff8e0ff65dddea9daff2	b5b0846bd4f1a590b907f9944bdbd1c5ea95bb65
00a62f2e284702aa355f2b122d5e3e624da9f760	6fb73d5eb8f33db8077438f7f5c45a5ccfaa2101	9b154059ff8cc74ef42378fd513592cdd7d2d6d9
02126413ac68ab9897469ab5d88634d3072122b4	3a8474761692e40a529e257ce9d68934c8e822d3	0fddd7ad74c5cff694ecd46f20032feeb313f1d0
021427d15f5d7848f7292ec0a4e7a0b27d822c1f	5697cf218c8d9787d250ee4b061a8d83c0c2acbc	a57079e9b60854541ff4aa15c08fefc28005887f
022b9936e337ed996de876c7676d0b3bb104b57f	3ddbb54f768c0fa70bd6d80723d9b2f5d949973e	07cba0b34d228e2fc5adc9e0f79d7d9f6f283b07
030bc5510c4bf1cb405712ce865b3815ec646d1d	3d386e9059972f964b938641a6ac4c2fdab999b8	c422528a986ec2d361face191c98e0ee180ba20b
03ab15e246641939a4c98b69a0ffcf51fabe2440	9c777fd36d0327b0e5aff6e4953193b31208b1a2	5e81a1ba5ab9c57c69cd7b01d239542c7f7544f2
03c6a300188ff3baa9ef492943fe88e2f1f8e7a6	e5555de89cf625d06340777eddf94bc29d7a9ea2	5ec7883cfa309883d0245bbc6e26d9c4ff0d105f
0490e4d3d20db962e20fa902059c1d50a3627870	a03fe29547813a5b36d3298a7f05e41217e4a0ae	1ea3ce3ba9f66e9dd21651556baea03ed511dadf
0495c1189b867b03fc032c826dfc2bad5a1133fa	e374700dd6fd3a7e8dd5b3738714980526eb4761	3c8e3008929ecef417db8567d3f83876c5a6bc34
05235409274c8f83b97a4a81ade0c4eca7d2af18	a32c807aa086de6dd00eb883dfb183293399e52b	10dc7b403b67340c8bd2400e622d833d0755530f
06ac25d9a1a87d27a0c0a8fb98d8b76fc4d8ee81	0f80b2ced9ed069d5d5db9289147e58848debfc0	15f48d18a65c297fb3c1d8c95def4a5773741c88
0752e22aa7e8006c2eee191517874af38cb2e79c	aa792e8540a30a4fcc3f0ef1bb2424cb12970aae	f52bb8cbb82f26f48b6d8ebb390da8a2e781fd88
0839d3279ea2d3517d1402541c2c20daa5ff1833	5fa77e7ef384fb0c65ed43a6a309d5d11d8a9a70	fe3020c7613214d9504476f25341f4d0445d09a5
0875edc660523d1656020f2085701e20d92864fa	19e9911f127b2514119c0351c295bc4893a8d2af	3255358203da2b6a501a2171ae7e69f0e596fd92
089d21259ead2ce34fb8b12a2fd7384bfa52d071	933ae3a055b8867d3bf3050f8fc1f626da818284	84e02662f820df8b713ac84891b1e8aa98c00cbc
08bf3bf6acef75ce3a4cb734305dc625eb1dc929	79b98e7bcbbb1dc781b8e1f64dc30d1f2f2f4903	e895da1b0fe581ec8ad823769dc538785edf35ab
09672db54de5c27cccc9f279f5c598315b2f0d19	422a73d6ee780411c13ea235caa5534e152bff06	7fcb46a9350840d4bb4ffd18e26f3c32eccb5ddf
0a041798150955e0e4030ed67a44df8594628947	ea0799da3980850e5d1e1c5bd4c339d097ae5f23	35008ccd3a4d44fbd8aa39879e217ad383867b97
0a4f1d36d5f746ee25d27d50d8b6c1e26c839972	e43c476b896cae1df9b00d037e36f23ce5e0f4c9	7d6a1e7e57bd06ee46a46147172636d6ac04080f
0a583164c357dcacc763034a30b8ccaf38ee2693	cb9f46a1f04bac67f58f744e1b431768af21ab80	72efa6d3af230c9c0892754ea5e97c6dd4116c0d
0b98e0dd33747dd245c7fa2ed2c6165b1975b3ec	b0fc8891e108a81c469f6325da83e10b38bb7acd	de6a4e4844d5d4b2e90936a84c9a2a20d12dcaca
0c235fd79aa705776321175175677174b14d6bc0	35e6d71f8c6744f1e4362cd5ff8d005983e90c32	66f5a7b9ce10b241c56becf4516ab099146798c9
0c24d1d63364c8df1d07c63aa8a5daccb3115015	70df2ad051e8ab20eec47b905415c81d495347f7	05ba767ef02946c0b70bd9af19a1f1e0f436f2b6
0d254c4c3de3008da7339935a643bc9fed608068	31b1c3a0076915b0bca916d6fde0a7feb8befde5	739f3aa64e8baf3e226165496c784e05759d2471
0d325db931cb5393d8dd1b4a52bcd2eea16d07d2	638cf04add07e23104f2630a3bf393d1d31e3555	9f4e07a82a2e92a173a7c3fd098b27d3425ea79a
0d729cba09293fe75eba019c21056eaa3e2d17ad	e8ad4ad3c933fa43283dbe11a3c7abddd15d0e3e	9e766339e989f5a3c99f4e8274c377348759c3d8
0de47714ea7ecdab966efa64d5f9fdbc11bb22da	176eca8a4608bd08808a378566fef6acf09f02d7	1ed4f36909138001bed38db47dfe59bd8fea444f
0e09e550512e935a280b1b1dc53bf58cdff704c2	73f0ebe072bcf3130635e5c1bdb6a588e455a859	04c6812a50f910128023ef976b8e9ce05836348c
0e68482c5834840ab299055ca42b68d43f70cd9a	60dffe677baac89ba161f3bd3fac9197cea5ea02	b18fda3bd814f598256ecc854fdac72a15cffa57
0ed5086cf0ab212e9bff2d7d1b78262816afcf6c	4596950e25599235baf4e723c1c8301bada56c32	b99042eaaef33f8efb29e27086784a572c1dc112
0f19779cdf47809c7e6284fa7197527930c56206	59fae988d4f8dc99731d8b9693a85fcf952005d6	c72cc4d4514e1bff31fc27d77088ccb74fedfc50
0fd02366523241bcfcc80234e453c9c33ffa41e6	3f558a31c9fd093fe7e15bc7ee9474ffaccf6def	c81e3149570da70eb21109f6ee2ac4678d236958
0fdd088e7b86af2b0fc1c9376e167f07d30d6d9a	1732d2222ec6207c248949d8589de7c727a8b6cf	3d8f594a7a197ea530e7d0b32e18340cc5595b9f
1047a079ab4b4edc2a8d849f55981551078a9850	e57ff4278ad369ef08304a8b9124377879b03a26	53a8f98a1512bd04d0ed921dabcf77053847f0e6
108f35eac2295e51c2d5ca30740cfbe8df903bc3	23b18c6a900a8a77829a5e85f43810e23fe4bbe7	8447b0813990a29e697054f5605369a7aeeef7c1
11018cc92864e9e98c022370025f3fedba2613b4	140f986a2ebd8893bbd4b758df4a299cd6534c87	6226dd5042fd8fdd99e2a189e2809577d561c7cc
111aac79cdd1838a516fa5792b1d6ec790c0160a	47af0160c64df519976453ae86f8455db1db596d	4c8e04216007c4976d51577463c54239cc3b7e0c
123af3f8e1e8bf067e02341c07697967a7d95946	5065cd111b954e4c568a342e2bf95d6b60068032	f44868674a3db6a6678f518eb741323f80530cb7
12497e959abe2fa0a61f31c4917b21f2466d44bc	71e187b6364a73483f61f0b79dbdd6ec7997f3c7	83a1fcc9013a24b7c4e2e33ef561870b7df2cecf
128bccffa1afcabf5a841073c29ca27d8158f857	e4cc1be31c2c952af22f34b6bcd57673a8b6a6cd	d9ce8dfb3ed9899e9ea483f8c83201ed3046331a
12913bd9fa89fbcf484d752f567b764eadca3aac	81096635a48a8c971560bc5a946cf5885121fe6a	44ad785831fd7ee5d81e230439eecc8330833fd3
14f2cb0951eb5c590c54bf0859a8283601c19cfa	26ad751d7a9595545ba70400cf0ae0674521fe7a	68574e023f7b36565fd970af53ba1350e7f944c1
1514f5084dd2dd0a9ef261078a8b0c6dcf7664bd	43c87a6937afee056c311b59d27b089eb3507d8a	7040de07189a8df6bdf0f406fc90e7c9d1bcadfe
1517fa3cb659308dfbd5ccdd8357f818e03d5eed	b523dd9b424b1edadceefb856155d21aff8bbab5	97973ca0be450bafef2846578ed24aa2707c6963
152a0d7b6f2b2c7b602521c2e062c4e4f3211e66	cfaa07e0676ad378419b44f79b3d9ad18d2f7cb8	ab4e3a32541c1f532d65277671240b7ab32fcbb8
15ab2ff1b63baf8dc72e5333d4f5ed3a6964d0c7	1ababa3b24820b0b2d60d07425aa060c17393180	689c4addfc5aa649e4f7df705e5d8f983199322c
15c68bdd80426739e1b610b824d4b2ab24a687e5	fdde1b5b4ad74d90e6c0c95b09d5e9f2c23d0da9	0949d869d3fd5b6a4af07f093aca6dec67b2678e
16720014498b479f799022ff3a3503f89d6d5e7a	fd2c45da3987836a5be1634d1bdb2ecca9675c58	77630a1609093ff4e717dddcb6e247335c8f3be0
16c3c44f841d7200145d31bf23c68fa2b5322254	7c2b99c971597f1f79312e0a56a5f671d08e8b93	fec515819eb0ec91b282a3d7277c70ba4d606493
16dd4a4fb27013da5a8fb4be729e16e1a9d48981	9917ca7d6e0d46e80ac8bab8ed938f1b83032c04	55cfb158fa7db34a111f49f989d93f09691e76ca
183375bd04aa5249b2a8cfb921e313fbfefc6bb1	597f5a8299b0c502f9e72e3a9e3f30a01b5c2afb	bfb7a748c5daa158e57f3315d252a599bb39ebe0
188dce7dfce42f95425215ca48477436f876cec6	ed960684b2a8dd48045725ca3574579c96cc7320	9858f554cbe6f2adf1957dabb782b5405b80d50d
1892923d2d4b597e390dd4ea0cb510718baa4c41	7159b6829ad2815e0e73e24ae79b3393ff63b267	0599e6cf8d04a9753bf0ac2f164f6f5a6a56e8f0
189b0ce61c04c9624e53513e7614a67381eec6c4	cf149a1832804a5785c74800aa9b02a6baf3e2f1	355d5a4688e2049fccfbc7b7c2ff1a8a22bf16e1
1991b548b66435ecf9af775f8c3220eb4d405e9a	6dcf68202eda753d3ea58cb83283c277f5e693aa	b503feda2ac7f502de96f53ef16fa72c7304644c
1a8e563af7624abef1cb9f67894e7005955c61e6	bfa4c4d6a820e964882700cf8bae2e1fb2629014	fc16de565f2c44f3403b25019d223ce5083c04c3
1d0c26b73a771fc3d361b881361c046f6efffc44	015c58969183ea1094ffd07a618fdb26c55ebd10	b4166cae0c03a2cfda6a47ad90fff2ba52d22bf6
1d239627fc5ff15347eb3479dd5dd4ef84aa7bf2	9eab53f1a02dc5e3d62c5c34af9ca4fce691e343	c696c54fed7d50543d436367e98d4727aff4cef4
1d79edccaacdf54561f26bcc255120dc415a16c1	562f4ca2c202028a5bee85a05ba2aa2033fc395e	15a6b08c46868e8042985b7616d7be21cccf734c
1ea9cb7d581cda36271a334d7e3c577901d0c91b	8cf3850ddfe98b814838534a0c76e74a65720d0e	81af31ced1f9a365c4213ed7cee0fc848dc9563c
1efb14a22d39ee110f0a001fc0e1b4c893c210dc	379bfae85545d403537c60273446198979020af6	4db0dde9acdb376d1e203fc352d63e1fb275dec1
2060f7b676937f1290f857b4b25cf2d1fe4d76fd	e28f92e3d3458c42f6769cfc0e145e68cfddb6d6	17038bf56c772bfe63fb35079a514bb0fa36bb68
218e7e73586c8554974f92a4063e3ad2bd01653b	caba6f062aba34390c66f685a5901b8a0e379417	a9665b33221480920a98650b4030d2e20673c58d
21aa58a142830a271c005839d1483d40ef556858	15a9b8f60067c20a1266376c6ff5920c8c1a7c6b	6ff8ebffba22f4ad014018703079eaf9d5e960c9
222cf5ffa799166d4f5c0a616c7662152455dd2c	9c8c933cf5d84fdb7d5eb5ea164bb2cc3ccedcbd	daba487d426de616584d2a953e6e6aba90c43aee
2353f10275fdc29011acf125359f1cbd900ceee5	7a30610ae70962e3e10a248b40fd197cd9badfcb	fed4267d4a23dda44765f630041884fcc4ad5685
2369bbaf0eda4bcbf0ce30fb1d74efe503107a5c	4b548ba667b0124bf8e824de38f13133a2220ffe	3e1ae9ad34005bd6f4e76d0732bf8235c51e0667
239a01325952688b189042530b1062e4b2399a43	ee6b6be4504eb68f26eef8a63843f6fb758357f1	28bc8b458eeeec2dbd3243489a3ba3ee35caa294
239c3f46581690370b8345f7efd80f10a8c33efc	7de14f38ff86133a6cca8d524b8e215a78a7294b	6e03527395ebadf51db57a9304c86f18cd5ba367
23e9650eea209b52449ce8a56fe376da198f5658	798f1aae68fc3abe98749dd97057a06ba6a3547b	dc76e743fa93c94a6d92f7f5b408fb2e32928ee8
2525fccbc91f4326f71c01b7a7cfb5486155223e	f9e7347183eba579951fc075368ef3de8fffd765	3950b8e176cb78dc46205ece9a41acc1b1ec6c7f
26182e5ff991294fc2d9998b1870ba0153d949c6	c8981b9b9507a2d39aae93f5abc241b5f4206018	b1d3b97306ded210a2e0d895e471336fd241eb5c
2664d8be8ab1243bad5358ac160bd1640c0bf60b	e17f825f3d1808040d363559ded26de7bd1054cd	53c1f042d655311d6232c44b14fe34528510c6f2
2722552c863cdc79337f26745940ed8b2a916a98	61240231a6c16bd4bb57a7521e5db62e5670ea52	75d552ca09ebe044a5d46d0f937eafc88a9fa4cf
274c632e9e027c699c3f53a784e3872aec9ef9d8	94a52a873d54eeba760eee7a18382c3c0a311e71	c15a238c3d7d874f44135378173bf20227b0a547
27765a6ce7350819d18b176c40c102ddc040d823	04c316d553a79e2cbedf12235d7fd61d983b9573	166f9cdaaebf01fc4016211659ad70a5316d0704
289095597842b560230663a8c390f81b9b38d204	0d8eb040b85b84191a23a67c2197d215a37b6b60	b507af17fbeed9d57af3bd2b4e6e8061afb4a99d
29240ea6d8fdd0e8cf85de5e2e3c47b4b30006f6	e5d3b1203f6e86c896eec94149f10fede6007509	97cc17f3daa780b07268ec6898478b5d0606ee6a
2941403c84c655a941f2cc648f5b6a8380c7af0c	8dc65028b7887f5441f0619c4e2b019dd20de543	511e20aeb81495a41cdaeef2078ebb296ccaf2ef
2a1eeb91076f64cd79c70e0fb2ca4eca314f77ed	8ec8cf072c36eb22665da2d1c6a70ca77a11c72e	b4b4a165ca982b4a1b6047fec101ad14ec272ce5
2a32b928660bbdf2e671e28359b63f348b0a7365	789a308ed09318fb686b3fcde240876bff89f9a7	c4bbc5e98394ab925e22500eb78e9a1b5f56620c
2b76626899cd7e9b096095c63fd5e0480db987d4	0bc823ba67cf6eeda6fc9e7114bd4925bc2557e1	e9a1f2ae0b0df4c8f80683b755f264fe27990b2b
2bc9a0e90f0d8e64caec393094339c43a68cc580	61be56773994e0f92a67c943e6aad7099826072d	bc55433acdfb5a6c5a879e7649c548f84f911674
2c1e933b2691df8f28f2130261fa6ece632fa342	adc470041e0e20c083b16e19b865dbedef9a8da0	ec67ae2b9ed411a77b7cfbcc35a76816057faa8f
2c3c050851cad193ac29117baf0c3ba33087017f	4e8d945e0a0820ce1fc6a42ed90fd040867edc91	3224e6f7a175870e661c59b7a992991ce241c3d2
2c3da9a697af5660dc057dd743112fc140c756e2	48c579144a101522c2d27a4c24f933dddac53f84	da57ed00abe5fd71a5d1ac4b4b35c9cd67ea1cdb
2c60978351a08cda4532d2112240e998687c7f99	8876ff67282be91d84fce706c63be44d3c7d284e	5763445afc330a953acea1f93484f035d88f885d
2ccf6f727013a340e9155d5e82cd8d947429c839	f329ed756a0dcdd3dea854f80d9678ccb9369a61	f69227f38d87130481436f1bff83f58ce7550e17
2cd909c97a0dfe4c1b8d4e537a22240f36fe3cbe	a2ddb4abf5deed2f925c1c0093f53ed77551b358	e6f88190a6a6ebed97eccdb86ddff67f0ad20e1e
2ced07201eb240035807aef178a43e18c48305c4	31fc364ef8a91ab5a5fd0ccd039dfd42e65b2094	0287d4b5a0cc40aae1ead1d0040f0ed92315ac7f
2e17894756b58dcd9b828bd871356074beb84800	2cb2c30beb899e55793405fcb62758d340f08ae4	c3175b4c11a7f320704b25a70c87258c66d0d85f
2f4a9bc1f5ee81140eb829ac7ecf3364659753d7	73e87a1f385b72332345c9cd391dc2d3e01dc695	1adea2028f11e56f991165e91d9f4e8d889ac83b
2fc97091ed856df6e68ed311d6686a4eec7b9c22	84e0f1ab4ab03eb0f68af01fb09cf8bd7c314d97	c7308e42b34181434a683f05079141a4b28cf900
2fdf9a746e6c8fe8c3d97bbcc3876dc20ee55413	f42d3aa96f1574cf7f9183639e7ed377ea75dfe7	fc8fd122e8802598d51b9c90e671df30ebbedd2a
301fdae07f2a90624aede7511154eaa6c7ace504	f7709221cce3ec865ab543b3939c1edd29f2a1cc	5ef1a5f5f0cc6667400e01e808c125171ccf3ddc
30edf371beb2fe65d13743e94df0c2de84466737	b406718aefbebb8380c3079d4bd86454edfd0a11	47d799b5cef4f07009e2b71f2c2ef1d973dab5f6
32b9c7204f16e13bb40a208c85ad9c1d469e82fc	3539af8c3194307d9e1d7897fa0f924f2e2dda7d	c09f551ca2f24f4aa7620a5e136700a053330662
3305919a7ae8ab31d4cf9d362c3ad2b2fc8fdd77	9032c2f6e6b8803488842e85478612ce3944d242	1361ab1dfcaba673c64b5a47b49c195524344291
33330fa177cc17f045906e919e77dc1a0648cbb7	154921ddce1797b220877598f75d838e2075dc42	f5059be0c5e0cde8c1d0f2df760d43cf66c29f0b
335cd06fb31503124343451635548b6e185e4e1b	afac0c8ca64364bf18d113a8827b9a31c5ca8811	5b3ea9336a15f461f907f25f03e7a40404525a77
34447750bc86496cc947413e981a656d04f576ad	11453eaba232a2c6935231f01e0d397f2c48e0e3	033a1c06289d9a203939a94ccc29be3a167687a1
35219b55a0bf0f9e7e53d145be6ac535439d80fd	fd944ce075d1cc1c18ad80e58b577434537d1ab1	c9947872f322707d36492210b25bbe307bbeb46c
359308c7557b4af6b33a087d97347f86967c48bb	d976514d4e917999d173814ff35a7757a23bd390	c9d64ad21c401a98a59999fe904425bd5e91a7dd
35bfc7a7b9320886154ee10ca1c3bc6dddc2a239	ec707b5a1816f9b685ae844b2a2402bb98eb2e6b	2419038574db2ffb4bfaca901bf46433c57835c0
362b315a0f0a702d1f53c43716fd52c62b06b6e7	60a7edf17c6ac76866974b3c2b82a344355c6dd2	01d979e265530743bf5f73ef509426265018fc1a
36c6fb262e2eaa6173a71263e82de89f6bcebe26	c7f18616211d9451adcdb0ba3d682a1ddf6ba1ce	b0904a9bb1a4f169de6747be6f2942243ff191e5
3710509d6c179caf09afdff20e3ea059c573ce2c	f9654fd08535cdc3427e0926747251c6d1bf4141	691f4a2000fee4be8de74f1b90da4c5e3ecfadf4
37206221059b44ed9d4fec33d3b8e6b0a9f86e66	a708f6926a002a403f6d6ea4c9506f7db7ea4a40	59e134789f26d30da6e54eb76afb13cab2f94ce4
3727229a47e95eaecae58856524cb345f91b9a65	4d52c5a3d490c9f0619c02518bf7a743aaba0923	fd5f975906069d3e60aff57aad08b109c24b809f
374cb8429b8c82df3ae14e2e77758db1f14abf60	416baeb14282a6496d44800d62e447bc93be6bca	7afa06ca9d429dd4c2c8beaaf9c1bc8272cbbded
37a94a4492dbcd397fc47ac7981927765e7ede11	e0990f72dc4ec77b0a6d08921662ba3f56babc11	4c3b18839812849eb3d365508bf57ac32790fe50
37b217570a1028f2d88bd5d90f6bfb48d919eec1	448f0bb74e1acaa8f338914be8b5f36ad51e1991	b8d5d9a702620177cc8c24380258b6394ad5ec0e
37ba460a3cb8f3217b46a7e3d8b2d05735a81115	d1a70c1e03ed37f217aa7e765d3d0e348434795c	7843a311ec7d1e2254eaf1b0b41a9e3e836f75d2
3832cc407d17f577847198be0a1401574e260bce	70f0d6e3da1196ca32d7261047e05da18789e4f5	754f97a139b33841eacc1e57e56ca80b8daf1304
38374386bed58b0001ed9c2096162aa30fe138ad	7002e3bd291e98222e6afadf6c0d7e1789b7a1ab	00ba0067c0463b8bd0d73411fadc517e236fc98f
3977f79cf315b0d209f2457a8fc0c89dd6336673	dd7597c5cf6f4320cc9dd6338e5b6dc01b698810	da9a3e9d13ec982d81d9d1fb70d786aab05769dd
39bb7cf2c88dcdfc852c05741d9e7008c4d4042d	6d25df02b4ab1c8e63d9c0bb35543fbea03aa36c	bd716f6fa0287053294ce5354492a30c5f43b2fb
3a0cb73ae3a409414bf61aad6020900f610a6ecf	cc98bd9122c98efcd3797b9fd598bf5c960c3056	1125e2dbdb449393a5068dd74190940fa1a86a2d
3a338312a0c2a15763e7cfa8d7c9447ab75f99c8	f0da60e016213fcecdd73f85c4bf5809e35c9cc2	4663b10d1b18f4c7cd7f828c9b831eb7394edf26
3afbb95c56a49b38807b2bee60efe63bf290d610	e9f8f17d1832f92ae6240b6b9e010656ec35b068	753d42d782f72b209a1bbac9e550dcc7555c9543
3ba92f0e98bbb28a228f974b974b1bad399fbe5c	f1b783a6b87a7473dfbc355e6fbf252330031aee	de674fe50bec71727f181a7dbf8583a37e4fa750
3bb3d8caf6ac377e527c00fa3c75660118785b47	304a4a00d620d1667eebdb9386465e2f64549776	98cb70fb9d0e5978c7d2df6c8633718de4c10963
3bb8d484bb1f3d4221ec340ed439be7901ac887a	266fb958ebab0e6b4715ee31fee21ee99ee0b564	db5d65d0cb3029aad10eb5fcfc2ee8f48b9a786f
3c71639ef12aca7c9c3d85977ac2cd149cd77327	f5cf288db66b7b90ef693da4ec8a205357d04b90	d5bbaf1f3f92aacca0b7e3c4c91e71fb0bbc9858
3c785ba0ac2d39f273a54093fdd83d48082e11ff	0fa5b8e72d56ece4c71d5eeabd1e6dc89397c1bd	8ec6000e56559603c0a933a036c175e057a45b04
3c7e21a067c9885fbefd280404216f7ccf9dc745	f93d968cdedb09aea0d6b2adb19988f9dab376f7	f10450d45267e34ace99506600d51fd3fcf0c35e
3ce7a46503a02dcd60149958a81791eef40bb93c	046c249658aacf7c05d2018547136c3f659037e1	7d7d27d39dfbc60d10448f833c097194dff26aa5
3cee2ade922f9af371581e4918b35183ee7f9497	85efd2b94c25ead275e4c46e99ca9f6bc693c788	9ac506a681b99297df74b2c48539b996dfdd3e01
3d0bb06db4b842cfae36dd5667da2e8d6fda06ea	d51c45609dc0e44a634b3502b7006c89fdab6a6c	93893a7c0e86aa8d957ad05f6039ad3b656aee94
3f3574c8d7fbdc399066a52d24af82f516a4d626	ed30aba10c2297a4c49d24b956e33c43c50f4d79	3a85d9400b1752c7ab6971462107f3b27c26e569
4012006178dd5cd38d10c8b86349e17d51b3e31a	07126766842a1be5f6bf8365ab37a222484ff7a1	4a30ce5f0ab564b5198a0af8d1184365843a60e9
404a97624f37c087682e042352286e473702e235	43c75ec7ddfdb4b6d8972b80cd5b455ee9058254	b341eca3496638d1fc770047ff5402e681153f6e
411d1cc6c81e63572ef9048fa521723616a1aa9a	c6135602655230c792a875431f241abf701d4c6d	775f786eb5a31793781bf7297a7652cbaf8725f8
420d9b80aa88776f93741b85bc70bb5c4b5c5962	51b5fef4df6d760e141c727e2d8ca26dbd310f83	c0384bb6dc278a2ad84516221548835b5828f03b
425882673507aed2e87a365040f4fcb66c65b75c	13634fcfac83d827856d2c83e62a22bec0269a62	cd88cf6e92dd296694ef5bbdb87b7be1a995e4e8
439b094d9b3c6ee0d7a68c84a41b3bb45333a570	b784b276b978d913e92a0478ff0edb4b8b5ae10f	a72b20f76efa2c18350a9fd8429454a0e95135df
4440ba438da533080753df615e16cd01741a5bfb	b78981df5316dcd4472c214ac7276a01c0329704	c68e4342317eccf5e26c2edf3086f5af2efa5838
448fbebf9a4f6481615ecf7131d15d58a3a08920	16520ef30fc5a627e0195bbdb4e23ffb7acd1915	0851afb2f5a0cb7b0dbaeacb384bdc17b1cc115b
449ca1928aa15bbd76afb549d6a74efc9e871b4e	96d62e9586a1f85114cf81c074a2af9609e88c78	9ed276994c323e41bbc10211117d7de5fae12ffb
45ae32659de9bc32a173e6b443f8179af9c1a214	abed2db8e71362b4ada2a7fa8fcbcf271cd689df	8f51de60c4675912b966cc2bcc1ae0200822ef6b
46455fc0ff4b14242bca95b6a8c86e133cb9afd4	9667aeae6fb4e20073eb0323112a4434adcfcb5f	d892d277a03dea48b7b30493570d28a276740495
46a19921a6246e349d60b55067099e83e1c508c0	2e613ac36c1ba896d7593585424e62d64d2a560a	50c71cbcd484b7b5ba06f96cc90d01b494e53e85
48724950c942d7c2dca5086f10a1382d7bac85fd	ff47c43b0178e1b8f00c0fa1ed5076257a17917b	73dee22e6ab4cb60a83615b5ee5bd63e56c17c4b
48ad0517268df96a91a990564ae99e5126d07552	84b2b3b8743195ccd6bb9c2dd07a31c228ac58c3	b73833ccc7d99d07250ba57e5ffdfff4da50b276
4944ba7934a114216f220c9eb0cf0e0eaf28a123	b90c783110a343317adaca794c2f57214548b4ff	2571932b09da6ab5162100699e5719ad47211353
49ad4593ced7c3e2304170252472344a7990f5da	cf5b01ae1e8e417cf61c67cf5ec2128a8651e303	bbf623201012150c2008da9d164b1514628da41a
49f7869408ecbd1fdce67cef817420a7695d0929	468d67f171d618a0399d3863ec5587609f75dd6f	3d4601853b9c54cca7feb89c284bc9668be3213d
4a185a8f0161de0d51811eba38eb1b8cc8e42d07	b504fb827679a09f787f0eb4ad20eb595fcc3b7f	852babdd62c2445550ab08fed559171824f5c46f
4a5dfe2bc662d0b40a6cd9e623a27e717c1eff10	9a46b342a565772724c70c9dc6dd9cb7f1552539	5e3544bf5db32ec285840a0016f40962acd0f761
4a6a6e35d6e6c0fa12292f138fff35039cf67bba	d0ec99bb1f02b2f37e81d018e610c644216f748e	9ef55691a71dbf481457b7f35019f05d14baa4b3
4b05820967afd7aafd2a1928bc1e61416c79bf3e	ec1bc859ac0fa043d25aadc5b9ef29f81d52dd7c	416e7f65c6c9218619c9f5df7aefaeedb6ab1290
4b39a7f559f89f49d0cdf5d592c5a8d38ff16e30	01aece0ff2d12043d337aa4b5d1f0c4e4db590a0	cc95f74322ae65f3fc3c452e97d92c72abc3e9ba
4be1381b92ad32e5ad6db023be006b17a08987fa	ccfb4df165698c267745e4ec1f2483fbbfa62a71	e9ddbf267209076aafb7630274c38d1765d3c9d6
4c6edb4f5be3c500ca0107ca50fe0d6a9de26fcf	a00c4705b34408fa8ed66ef3166f7c59c8c554f6	622e0b1bd0c65b249d71a171a90ba35b30a23eec
4d656a7c15e653bda70918786432e7fcbc63913c	54f10e373fdb79d16a4b17fabf839ba7cea17f86	83e502c0b334a444603414ca33b16f75ab85ad21
4d6881777a6e7e5e374c2cd36bea66334781e655	65281d0c033b79c8f18ee4331d684d2cd79173be	d08d50e6bd5a46a2601db19f1768633eff1d345b
4d6ec90c1943407fb3dec01d85cc7ef7b6a9c450	a4b4d4349baf739e7fd8a93f233c0f211fd0d0b9	a6f622b314eebaa478d04ec34e7d4f3dbff3dd5b
4def45a9e6a258a30a0760fdc4bb684778f4904b	b249246aa190cbc903492aa06b0256be7fa41eea	f1f31eb3ceec7c6b1d1cfdaf70e32cf3ba35121f
4e75a9f39f25afa1026677c0211ebf47341dc41a	84f8f423e51a4b00efe7742a62882f0e2ea74081	bf68ba2a10a900ad8ab59747f0f4e231be12ceec
4f3eb7b10fa0ee4fd17d9fb350137dbdb502a59d	bec6d64e9c6f6246baacb37187cbb3fd413ee6d0	c861a1d7e12d0bf59b66821dd04b59fee3c5bcd6
4f4389c0661e312360b282d1b5b35d3a15214b6e	f68aa296ffdf2fad08d4a570706b9cfaa15a622e	7f1746a2dc8d19a115c46160dbf57c725c30f9f6
4fa98e387a43e3ec1d0b05489a9380cead33b49b	da428b276db0a2ba8993ac705e4f391eadd146f1	00e63287d80f1db3e0d9cbafcdd30d1720bff50d
509de896814bf9fca91fa3a70e0ef66d942ce2fa	1b7a1643cf15e456f9748d3a9fbf9c756d11ca1b	e9e2671af0c302c0dee8ab4b0465b1da55511d32
50ef41748a17be81c910141185dae3fa2e2fb30c	1f9c9e4c56c6ebf16b092a142cce5716c9ae13b2	10dc98700de3ad5f5b7da7e4cf66999dbdf5d407
50fde19e4ebbe04e9805e69cbc23b989a02aea18	4ff089f19551802606be7a04c71bcbed6b9cd23b	416b90ab0ef04baddbb18121ae1807e632e902c3
527a32ac846d3a74e7275fc8f86905478a5ffc01	48efd02b99b2702e4b2d164a08a99480821b8702	cd6c986afef1acc3019ab4def0c58749886b497e
5303d381f1c80f33447618d3012900c4da11e3da	e54885fc614e6500c49f3daf966867962b857b3e	c3c633767a1727857c739d0054ee1cac8e46bb27
5334850d4d3dc4b3dcbce066304341b7df460b91	f3ea7d775afc7defe8eba031afd66805f4e50228	d020da3fc959bf3ec55df95f0174fc0f5ebd2a78
533cb5a5b2017c813e11ad3f1daad816b8c0a12d	7b48b8861cba7c9fcc73d58eb42ef359b97428f4	fed39ce436eea777ffbeae08f2a899ed46b0a70f
53a232cd0f593f91ee535183fdb674a9b1617ba0	31b61654fedc44b178a471399b3552dbc525c38e	7dd7910e6f5df4f3827263c43f4f9e83b7ae6380
53b0b99e507f014d80c78633111fecc969bc4b08	3fdd4dd543247c9e2ce0fcd2c5f96eb70d8dbc71	bcea4d9c8af7deb9fa8fee4bd394b7b229faf83e
55ebe57752e103c69b7c72d0d2bbcaf75bdb71d3	077e3ce521a9bcff30f62274f63aee50a6a0efcb	9073318944af0d62434d17ec67654a734a084622
5614b13b9662e54ce8133c775e6ff14a7645844b	8003ecbaaa868181ffeffd3a398ad634aafc302a	eda5e74afe692d0837dfb2426d00bf4a9399c68b
57372221f63a7ddb1970eec0b2bb7bb721a1af3e	969c6ad26e05df157c8d1c7de1bcd27d55016bbd	b7e40ad944d30aa792ad2e3534bb78672f48141e
575b024a5073093d573ddcf37445297814f42a7b	498575ff67ca2ae52b2df3613779fce5df983870	30a2dc8082536b1518e0949f40345752c567f810
577c4c3bfc5f6cd394036c5ac5cec6d3d7f6d405	978ca14b5d33f25d6672b4b46ee16348a11c842f	50d12daa53d67db3393e315efd5deabe624069db
581cc0daeb47cb0010602273d8e2890832969324	b70c8ee12130138d4ee162167738d369d329a39b	02544c15c05f0c8beb08a4689328c6caeffda364
59dad79a02bc3217279e8c63ab5e58df59213608	af2b04d346fe2cf50d1d4343e537c86d98f06f16	86693ee5c1579449f078e8f358e4cb09674b66cd
5adff3046b0009a1ec55f597d2793406efe286ab	fc9e657584e2ea470aa958b9ffd3e3bf2caecf4d	d89091754ac63d65e0e87c119db87ef9ad1c3f8d
5ae8575b425d272589a349215200114185e8576c	bc98645df8a86eb3f5e0af848f8cd9ca8a5ab367	5c700e089da1a9b9281d5d14e1e71bcb7d458a3e
5b1c299f6c94b884424820bb5c1ce8f0575e5ae5	576ca3211afd0cb307e74b738c5f4e5e001868f4	3b0221f9aad2928f523d5d38db98f8c88d94da65
5bbbde8a134fa74029f6126f6f6c9af4bcce89fb	d2e5a7ca4239d1ded73365e1c3b08a6ec9ccb2ae	287545b885aa86a84161a480a75f9e3996546d04
5ca58260dab5ab43d7dc384b091c46cec063b2a6	754092b260a99565fa16d21a0d9e16b504b512a2	2f42c52d7b78d1a4fb38bfaaf1d44dec1ac3d3a0
5f1a6fe1991a7eb8d188fdd5134337c8cd1c56ee	c07ecc6cc02910b981ba58fe8d45ef0250888e86	13fa5609e8cd892dbbb74b2cce94471b254a375d
5f83265f9095cd793f58be6c764b2e8d1321b804	1ea841067c9a9833ecc4dae002212cff2c061712	3616ecb5478471d1fbbe4235cb6b0cd887233e71
5fa41c6ae11c907d66d2045e7398f185bbd9673f	4b15c3810fd09e735b3af6c5518ce3b6d72fcd3d	d6a613265888b77a64ca745b0d5a0f1a2d643e98
5fb6a31401ec2e3561b298601bf9b228bfffd721	fc07d691417971cfdb65f6688899b84284ba101f	b8a4fa54971f79838665ac4b55a8d0e59c35d671
6012513e8121e387e8e064faabee18b768213ee9	0ac35c3bb10669e6e8227871ff6e92ebcd634ce6	7ddb459addef5d6d61206852cdd332dc0d81704b
60de10f9d139865c7534901644832dc6101f3e67	b72b46d002d19226f26fc6a5c715f5f9fc153f17	1fd17dbd49c0280fd0a19de9b155fc6cfe537596
61ba6c9abfd7d81f293b70acb9e1258919d7e797	28be7b3a93090fa5af2f8bfb4a97afae89ce57f9	9055e912099bdd6cd31ffc6b3583813cc56c12ae
6205488ca623062c4e8883df0c8197c28dba164e	9c2f60d226d3f0e878048168017564d9c8e37310	f5116595db6874ad555b7c5eb1be6d64389595f7
62e04990ba7e98908e2a475a14a63bea41c55d44	3a9e38a2c122b1942b897daef0ccfb4b58737307	76ba58511a8f36d0f5ad910d105419cb77111076
62f3ab2d50e6e10de5e02be02a40211d2a9d8934	e69cd3182a64f484f10982b5a7879e5c74333cc2	a9e781cd4e291e487eaaad7787e01d5c053954f8
63b5eedb0786ffa2df775c89cb39175b4ae78968	7fe5259baa723087bbd86a55dc57e4590c41fa2d	fbd81499d43799742d7f3a83ca8be4e38174fc29
64a228e1eb7ec8622cb05bffba319d52ea0d1e7c	e3847aef105c128d624ff401e068aea71fca3c73	c3b0bc33ba0bd44f9e74cc109ce5133b66a1fa45
6519e156096101f9453b06489ad04464353bad27	14f94b7fdb67c5d79b25ceb28e63707367c2a741	50f5c031615bed1485753bff6e1c16e85cef15df
6523d7e4d86a6380b88e21023ae825ab8cc3359c	18dc91d865ca13ebc7c76c1e3d4bc8fa3faf4a92	76975c9d6c0ef5dcb9755457f4a735c1596c6dce
66d3e9c0ad35165bce5e531b3e18f10b53007f2c	653fa487e164f839d037d1fa8a501c285497a61b	d6f38c4fcf59a7884b649e0553d9b8cf08b3ee5c
6a05c56838a8521ef8af8c1579a3d6f9d1ab351c	fadcb30af88026651703c5372db4295d87c5c4a3	51429825f18e0d604265197879b897dad9c64907
6af1091cbdf5d30f36de6645feb2f65cb7df0b5e	cb5de101b8e1587325946dcb0401cc6d77b4963c	c46e1efb4e0896100c821b83dc22db15f55ec21f
6b6b23d7c45a0f6b8440119e8fb668777f4a28f5	cec3203b425eef107f26d3d669658de4a0167a8f	a506c4710aa3ece7b18080251c125c16d5f05036
6c653a8a7962e8bca62da1f2294663c4e9b99f2b	0dd0d252ac15ed900b6c82b9a94a16978e82705a	5676d3dc03eb4b021591f166f8fd695f14928e42
6ce6c5fbb81283f31da73c31c0664d10da87419a	5e53309dc9a1a66f15b4f5f073e546768fca9704	c9518a12eebee5136102d103e3815963e332d9e5
6d3f4738b765a254493ccea940d39ecc7b4d0724	0f5715b09bb51a4fac89387f0fce1c94478eef4c	c36f957dea5559c0b03c13920af0bc2399f37b9c
6d4f2d083a343935f5a0b1d38b396859ac462737	2fa7c9cd2f90a560912d743e68da48b6ad800e8c	698c3fd2c4ab3ce61249cab5733dbf03ac6f5cab
6d665899acbaf7d3a2d637635be45f6076a70818	2d5c0cd9c07260cd1e1872fbe958d2a2fd0afe23	a2a520fc5c41ea195e1eaa1105f87e2b03d8ad84
6d75bb5651c775b2e6ccb6ee2bdcf5371c27b5c6	44b44e6cd9a8dcea2aaec5f784b092ad9aa056c2	040fa550c2eb2a4191aa5795906e99ea658849d0
6deaa1ec37c6d96d509a7afa8a02f9f850d7d2cb	db22cfbaa46a6a5b7ec83ce542d98591cde790a0	48eea73c20ec3e6eaf8fde2b6049275a23a6fb55
6e4c4bceec05c1cf7b3b79cfed599a4dac748cae	f0f630f475d0c51ac524d58b50fe982bcaf8cf2a	031c929a410773793befead809d0287440e0eae8
6e9a8a6c9ac333fd779a9cb961753915cf197ab4	273df475df88736fa25253224825904872632dd7	c7ac5d117063c93bb87e1202447bcb825222d4f3
6f11538cc060ed6423d8adb867d81f42b9eadb78	7f115e9688ac03ed564b294c819624f7b28fb237	7c603768883e820fba224f1d763c9024b8a3589d
6f5293a113d927a48da5b6fd27d76741927df556	32ae59b59622de438e1d18de6afba2062679690c	46887ba9ebb1610468a5c221e649d36505a4eb4f
6fde13465485987a1b5c37fc6b207551a41f37ab	df333422226885d35907a00ff1cae76d639747e4	6191d6a10ff4ee73779b04147633a586c9a75546
70b99dcf6cc7000eff82af00ef2bc936dbdfdb7f	9580f92014cb3e77a16f82dff0b6968c03095558	0d5a6146f84bf8082dda615462d588c0d4dd3bf0
70f9a6d079b0fc816e4f474c3485fd6d2be316d3	de7e8fd9239b9adbc1ddb5b70d675c287f222efc	ee0ef5583e9b686ec3bac3537fc1ef12268479ec
715ad358239009513b403f0fe36503169eba4a42	1351e04b9149ca034a3595252928cd8909743772	0ab6e7f3d2a0c6e1cae374574e2f07d246842cb3
717e85a94f594907d07ac444592cca00f4cbded8	e1db60185803e93efa5fa62048e8d38e6a71cdf6	c95df3c9d30a1c0a852c3e84fe5a356bcc6cbb4f
71e3c8001d1e22c0e400392ec04e4e4610dc111f	e5f6269b8fe22ec885b655c04fc675f9f13b7431	bdcc5d2655ca934a5a5d6ff7b3f60e1693a152fe
72133ab3a2a52cf9e7c8c037205978f52afd1c3f	143534a915c341f501a513efd09a2ce6cf11fcde	7f2013a498fdd71528a6997080eb053f96f017a4
727a37ab1880cfc8adb4293f556f76f51e3681fc	3576ebe2eca7f93bdb27062699e64506da9c7f0b	cf3d088c1db24b2e71cd4f77ce24266c4207d744
72b4c39a2540f8f80a9f08f973d37723e023479c	5a5fe62c6a8aa0a7c67468ce70da4b18afe0e3ad	54e6a12fe1be9b595e0330fd78a8354f8c5440c9
72c0ee89e82b61803aa23ff58ade9acfc8009d03	88e2238e8468b401a85c4d8351f8bb53b88444a9	97933b5dcbde454e4a72d356e5ece7ec1a57427d
72c8e4c00d3ee542ac3800f2c9355d3b9f517fc4	aa41556f2899ef6ca8c3376eb7ad936ca55d7208	db64563e37a17079472384f4a88031054d5a34ab
73798119ce284b18ee1aa98185db6a9daa2c167a	364eb18a73e5bfbd947f86604a221f839cc79857	3a7ce50b3227c73be47daa5ebef0962f2cfef8f6
74006465d7275a1b911e05de59377d292b362126	a8295f072b0b7aa806fb44f3fa2084ec24185683	ffe73181c9b8fb9dba1e69ef61edd7718b64d4ff
75bfa003d1f7dfbfdd0e37bf399437685950bb2d	1d30b77baafa77fd096e606857d40b78ec052d33	712cb77fc41f26a5ccb97327902ef3ae67afb113
75dac85924baaa37bd7c30aba37cb1174cc94699	b0c206af7981156e64a1d7274495b99d1377d017	abeb831f4024cbb3cbfbf9fb8a78030453dbfcd1
76c66bf92e43c5845b564553089c74299129e818	16333ff730d97ff31d9db57be05bde71fdd3b8d5	b0d616a9b37c8c252e92cc28cd01f2dd71aa2931
7741484087f86f51d7de3a0cd04d31a2c9551362	905f466d37ff27d78dfa68dba2fc4520a683461f	665c9c11e1b740ca5b3c0b7ef6ed4f995a03f420
7777f71823a3c4061b02204426ec648dd1a022c2	18c449d87e2a5cd97a3bba53fedbd5f8881b3909	1a634c86affd215897c75adc0428bfe2448e32c8
786345e403e3a7af98343ef91884e8bde319c7e0	da30ea9ddef936e38efeea0fe119da450a30d19c	642a8ddbc5e38b0ac15387ab078f7a8efd6b309a
78a616e014c64a0631316793bf8788f9f3f38aee	8fde5df306d291b2823624ea7d0f25dbee011f85	2b538fd772b49bf206cacee0770a627e98761eed
7944d78ca42d7673c58483928cbfbb5d9e278de7	86b99ce0d452aa8a7756cd091106be4f53c69a70	f68780cfb3dac4081c33895ea54257186364f9fd
79511e50ede5d54a318855afa13a675aa0345927	d3ddce651485e5b20ac8b5d7e1621741f1e0de38	8d4a6e03e4b34817a8508242f7ffa166862968cf
795fe92bf59d131d8a4918232134281d744ceecd	450338e2ddecaef36f5db83242fa70f0a8a1e45f	d4cc7d8236fd1011253664a1fbf77166a89314a6
79f792ec1061032b9339a55159b739dd5d7c1c8c	b2872a8baa5e772c78b5294c838fdc8b913e2c0c	df0d8c98be7222e3bf058ea69df2ad4994c7bb8f
7bb0cb84883dd89cff5bdc28ec1e7d37cd4f0b6d	5391a9fc6c5e1ccfc3057a6f0b87934bcce1e66a	755e8dc590844601b7b0f08b6691148030e4ef02
7bc19730c32e625a38248fa23109e377f9888f33	44ba8361e0c1462572e41dc9d6d6824dd6a692a2	6ec0cf12269d04ffa462e97dc2fc3a364ad3c947
7d7afc66da1d5e701e1c679e357775c12d0cd39a	14ffe7642d507219c6fbdbbbde7d5e0d6795c0aa	af86fe3a1844b6e3896f2449c050dc39c34639f8
7d8b07bbca61ce239b3e4e39ebfbc81e3bbf8310	d4f9b438b27b5b1094170a830d11a4ccbc0cc37e	564156aa7f87e8b947ccb124d479dfcf1d042efc
7d8e6789285c38f7b8edd0c2bfb6a28a0122544b	83d3fe06f7d53c836a84454972bd048f143f6d37	db2d4b72e133555199d37e5774f686c4dd129def
7d9357909f75984b9f4af203171b1790f3646b80	d97d044cc6cda958db9690f704851faba5e9b7b5	a81227342cdfef8a770147416692414a4a9ed444
7dfaad1b980ccb8a378395a5e8f70b165760a374	fa8d6658d708d9807fbb39079f96ecae70f67a08	8109fe415d5169d8cefbbedab75f3ee1011a3989
7eb9d7526751c65cc5e9063689e42e0e939d6df6	ea9a7a768005600787d4e95e0c17f7b6d8076c5d	7e0e969ce0f8a318d78e8f30b62145f79dc9c174
7eca9a47b034a72bc7c46c3a789bf2709c119d18	5247c020e87ba0f6ea8653d5650324f8a868c397	362d49cdccdfee45964cde8bfc6039085e6ae38d
7f5a576e0cf06abc558643aee1d9014f3929df8d	043555a9f5fa2428db967ce5beba88006f56a140	b1fd9fecde0f7b9f0d7f1ca434ecdde37e652261
7fa7c8ad28b02cc38dd29401606b38bfd63b9c51	43b814fa1a689562ecde12ee13ad17c4ca792896	8b05d740637ba55c3a014a7fe0223d250512f3f5
7fe2387690849f9103fa617336f160083d6915b4	ab8a1fa848a4970675870062502a6a9d5cd2f3b9	f6e20903bcb520243f6675c8bd53b38188204ad3
7ff8ffd91f9480f6524d93de671a8621e43a3434	6d02e05332ca4867f6dfd7e20ab036d5a060810a	14e1dc383cdf9c43533e7eb92e5411a3c12a41bc
8018da3e7ee75e261d34d2fea6e20086863fdbbe	0ec23c45d6d8468b3c39e71ef001cff7ffb8d6b0	71396ceb8fb30b69d9738478e46bf6d90ade0dfa
80562da293314f1f7b75a0c4904a1d07836fd97b	f49b67b2d5685f9f3479ea956e0ea249386f2651	eb6e9a1538c5bb39acab55abaf499dafb17a12bb
807c063df6041878289ff81ad4f2e80d6bdc8210	0973df3e258af3f8063dbe95dbb57a7aa9396d3f	1b410de2e0fa05457469deb09df5886a744b0593
80f6e89ad80f99dc3d543d5270ccdde186be3520	6a7b5c31bb136d8ef244797c86704f29f2fff2ef	6eda3dd0c99aa613bda729e59417d1e273e65f9f
8109a34377e53b18d69c1a02352a0a7dde88f2b9	23e4c54a3f3a2607a6ea05353fb27e7bf8e4a549	b4feca4cd09334c3cc3ed8048dfb6024c98808e1
8151a7c3488f0a2eba7d5b0160425215ca17ff38	16711c90f48dd974669edf53b8a3d01da5cf43ed	29ed860ee2aa969ca2ba27c0b0af2dfee3e302e2
8174064e24a48c5488624185279e65d5934f5dd7	063e99691ad8c2a44150cfda8858b59c904ce5cb	f3ff0fbcc51ad0f8819fbac267c479a656dfc76b
81a7fe261ca1be1d1b40a21deb9a2e57bf3ccedf	cbf6d52ef307c77658f221768cfda33a65bfa5ba	d6ac53d5dfe3b2040cdcb75d6e4df8557a9243d7
8203ebf9d38c82072026fd151d348d3215d9a319	b2e68769ce5d2370b5f8a8c8f027478768311bb8	bcfc57d26e5a3cd2391fd70067b321a6b0d6275f
825e3c75bd1d33038e4902c53fb2643487147978	8b20e5fe85756438af2596c7a221f2b197115eca	128cc8ed8f4e94b0e2fb6eec481b52fce12e4a53
827befdcba193d941d2c7334fd6b8bc9bc5733b9	a0476a43f1c958ce38425b9ef5537ca438468a3f	698d4f8afa4880f16ebb03586f086318f691d92e
833b3a9e8f209b8f33f96a3414bc4d27e5ff0f3b	9fb2ba6675e4dc67dfe1f898482c4910906d7b07	521b2cbc78799cc445fe605833ec77320ebee161
8483fbe6beea155800013d72aa5665656f3c8a50	da09ea889e5b004fe54740607b59243cb0ede6d1	8644ad4b524429e02835843ebcf3498ffd7d4dd6
85c4ef551ec892e20f34628bd5d03bf534c3302d	0aa6144e8b88d85c4bbb97d1118a32ff74943f54	67ef406a8d2c56c66c72997aec8f8bec141827d2
863a7a1a38985c1955126892d8e854a3253a234f	c12862a768575bc3e9f1f46c92ffec1f2b31f18a	a7df43af3476e8dfc427b05ce235342c8ed70ddf
86fbc23bb25cdd55d5a5381ad18c94424a2a461a	358f2cf23ce4aaccef57cd01b0806c0a22ce31c4	937e78ff0113def29532f7a9fe1480ae17e42034
87764423661bbdf9fb310d938696b20172f47301	a0fccf556bdd7d6f1904ccff237ac2c3f413313f	143e72f57b04528245daf232e19d1c977de392a8
88f0ecb54f894ab95f1e47c9143a98d64ee55d24	668ad336e016ebb934eaee2a697ddd7340ad3e12	3b7a428c738812fad20009fd88ca276c06c53a5a
89865b0ae7c3721e9cd0e82f32a065c2af2eb9ec	ea8b3d3cb7d8503826710f447f9676c4650acf68	15fc1370cc0ad943a305b93dab75c1c4a7b5d7c3
89b91328060702f9dfe1699a5d65e621f3e7754d	fe7244a5bf6a202bbfb68a3b9212f31ac53e91dd	053933b83c2002e0dcb5cd91feddbea82ad0b404
8a792206cf2a13b234cbd1b2143d0a58b56deead	47d07d7e65940367431acf149d9a074a2bb10693	9f1089d1507e8ea1a93e77b273085d84af62b0a9
8b88b61b251e7dfc1d989a69add0e070956b1f56	7ea2cc506095225fa252b61ba0d84150356b7dd0	73e2b4fb7fe4faab28110ef5db3b674e517be67b
8bc1711519623ae5d00d5dbfa319e8abf7e81cda	03f0ec4033433235bdadb81b757dbe398074ed6b	4b81ea27b0c3147927bace49904038261087e039
8ca0807b26cf0b3b7ce5692b9833f14d1dce899d	478d601e61b201ce729206d4ad29065bfb7c8300	adbbd3b7d73936a97a5b296eb354c1da8f0efb5f
8cc54c8b9cd96aa2b1472f82a551d7bfa8cf12fd	5ef88aaa5c1c3445b95fa6d0428c6d1a144b36e1	e22134d4766e31c4c1e7bbf1a3d438034bd35d0e
8d41c90e27794f2806672f8f2339241a28f880f3	a280e2372b00cf9d4eca04b561ec58700d5ca232	af758a75e41eefc00d370e93f413acd9934867da
8d5b86de2d8713df00ad2671fd178d856a33dfe9	ac3a89470480ff43efdefc64344f9a24fda4f71c	8630852416d4a30618948a8aeed4c761177ef385
8dcb95c140d33f609930ab3c7c41f9c3bb84baa5	0b4e22ca95ead637b9ea9586697b4251252f2751	0eb26047dcea10f34e1497a98cc70615c11de601
8ee357e0cda60258171ecc5f51a747660253dd1f	1e5f47217e48d855196cec8dbe1f10ebd614eec9	4eabe04619b0c594eaa904ccfaa1562dd7713c14
8f7f3b1a3cf491837bfd2f8aac34c73e92a92e7f	570e46207cf02be43b5d605241f557ed35f5f293	9e7bc08dc6afc22ab1e5258c646d84cff7002321
8f86c01019f442790832e69065eec112f9fc825d	66e2bbafe7c63d25dd1842f1ffdf162530da5c21	df0d2d9cc2758b5ef147b7b8bee39b6b36d3529c
8fa56603eb60666aa2f5b02b05ae26c5287a05ef	63153c0e0de59d9a8b73d2c456cec3256a16c606	bec3036cb3a52b17a281decf494a4d340cee643b
902979e772a34d99899427b6f8a2ff156544bf24	f0cec36c5c4ab478f0e0b15816f6c9782a12b426	ca7654bf8cf68ea2858fff445d00b357f2b509da
90abde224a4d1984de57d3e5303e822d8b67bac2	2b17deadeb2dc77c8afce6c4d071eb56f300e795	50496457348360dddb52c6204fc0e5fdbf9961bc
91297041c11ed753feb7c3607f3d6b790a21aed8	c6a63c201ac05a193ab56982faa6366025330754	ec79e3fa7b2f57a3673930b20b637fb59b246aa9
9156cb977d0aa30e847410880a0f021c85c9f6ab	dcc4b964208b9ee4d2356d39bb0a7873aea614c6	852f084f21fbfb19f3eca2019451d172ce112b1f
921f856327897c148beb5e0a7f524b3dcbe7592f	ec520d6ecdd1f700415eb765517f9a818c206a93	c7a50693fdb63e1765cac1e1f28fdc0f6ed5b353
922f04a8003ea069be22a03cc50f806e7a37109d	d195686f5e7f4bfed1c5b85afcf89f931aaa384e	ac882dd56364a27caf393ba80939a507ba0e663e
933e7aa5670b1cf8091cf52cebd068f6b38f84be	e9cd9bf984e796196d80972752a6e46f90a582d8	7ca6ccdb54eb1001377348c876d75232367b522c
93d0f51067a24c326edb3853f9aa4f7fb5596a33	d4fb50ad434cc1ac0e4fe92b332561470652f7f2	8ec94d9011cc7cb2a46febe72043a0e9d785c3f8
96eaa64afae212259383e1ac09547e6e00f9502a	c32d4f8fc951083e9766005310cbe1f8366f0b0a	b1cde2c0e9de290b13f90a860c1fb2d2ee57b74e
97ed828ffa0d422719de46239d19e93a72350b7b	a77563b3db6e2e90fd4acbf8cf7cee187897dc6c	f70f5e893476a7afa7f154cc70ce57df3986acd0
97f19ac3a68eda562b5e607c2fd96c82137a9249	c45d5e3b1dfe560868ecf41f61f669cf2a30af0f	4819e7ee92ea5d6b371e2b85002c43ef1932b1cb
980c45e2468cf797467279e204396288426fcd61	9f93505af3c10440ff138ecffcf1142e25348f88	e1d0e69d13bc4f50dfa4a8f514752a7a8ad65108
9846adb42b9fad791c3c3f35eb717b76636fb1b5	5c440945e6cedf8bd579afebc035005dd6b99563	950f8d91c2076efd3946309449b00a9c370bf0fb
98a362c8488d396c79a1294c43e5c81e31462216	f776fe83493a55f3db75f7248a70a95f380a7d63	fb734847ad21216721c6c251a2fe590ad5e1262c
98e8ae7ab2150a0de04df7f614dfea09237ffc6d	a861ad8557996bc442d6413d7e1816c32ceaaa8f	b6f8c3205d92992555983e1ba31e5049b8d4a088
991c05c5e4cc3182380f9586a90346e5a5526049	da586bf604664ec92d949c592daeed6fcf63fea3	2800b81d20fb10d0bfb00a4457a5d267d14b90f2
9a4d23815f50277bde6071c818d7ba3b959682a9	4a1155c0e17fac605dbe2fac2022bd9b539f853f	9bff829f5480d8f948193fb18e33eff715acecf9
9adf4fb6e358bef656dfb323e09b737791c987cc	292518d14b62157485dba8c197328108d601c65c	6f8baee2e540f6a3e70a263ffe1363d8066d8147
9b32eb1701f805b25b7f30113bce24013765c5b6	f1995fbf173e11f21f3361c6fe5d18ba4645607b	1c1efa1665cb53cd788bae4c947c9c0b6fe79f9d
9b8e0500c6df665a57155f9de7c56e2bd283e66f	db726f9215a8a7e06e6763bc7584dcdd106b14bb	6fd9d4489c57f5919baf97da40385da346de4dd7
9b9c18150ac56bdef8db11b585d4b27ed41434de	29398b0f65c1593dee204b83c20193d1e99674ad	53c97720568e04b3b3b53db0ba29a56b7b4576df
9c89d41e699455918f71003c11b91b24fda68544	1de0daa66f4e7a8c253e3218932d89b2684b9fc2	230b4a667767b24cf150ae751d11786df53c4140
9d7f4ba1ec2dea4d1d59245346871527d137a800	df57b42a157ece9a73480562e1976f03595db834	146e704d0984ffd26584bbf8681847c964760b88
9d9285de56664da1f7f6917fb74f1218f8aa8f5a	761b19ec08871ce485c8e12945cd5d4dbb27b76f	4542a14d7e38bd8c52debe992dd4888255bd90ae
9dcf95073afece725e646b432ca96d2bf4a005a8	e6a55a612a92d894f569ad8d921bf479039deac3	f899611bde72fcad6e98ae7edd995ec2265e640c
9e018f7689f9fed76ea91d7baa859c4bf4113440	f0142a44ceaf29357009e7b7fcd945505d74dbb0	3bfb63d6f3bbc18e3f7c92feb9bcc0a8325fd44b
9e1ae350a1087313804b39c5e71c7c01a93ba0f1	22fb3fa6020ea82b413bfc3618ae08f395c2cd4d	72eef9432ce325701d0f2e471dff76eaea2aa1c3
9f17809251bf9815c50404e0e52ed9a2fbe99793	8206b78cff754521c8dffdb2fc7aea2f786f842d	c5e80d78bdbbe9f0ec37f6342e967972157b78d3
a03ac92b5e3496b02c99c282305ae1b4cea8977c	814748195250eef60b859304f7dcb2334ba67edc	229a64436c32ec2ccbbf12425246ed670184b938
a0c2df295cf90de94e711bd9c25c2ff4bc8154fe	c6fd2174ed6a2d0add1d6c61a86fb50da0bc0352	0f247778a86fc5b04b8b8029724b47da15e70b52
a154dfe815793b25e99440089794d96046717cf3	7cce8dd02ec99fe6483ab5871d42484654eaa88e	7f00706392878ebbadb71a6163cc34ce4ec8ffe2
a1bb70bf01f693d8731cc0f2f72e0a9daa2a198a	2c43d249ed131b8fba3f2ac7361e3e8fbeb421ad	3d6c4286617c5188c5b14b167aeec0662a603608
a1dda2e54837ce185445dc5765cbeb91ed40bce4	7c738be4676a47f2ef297f6bceead3c3ac422a5c	1e64929a58e9727b9192ae71b036807dc9f3a66f
a3294a6ed43670cf39db841a03dcd3e8ecb3af02	3fd05aaa74d904604cd7dc93f9498badfa5e6a4d	3d7443c64349d6c7a82764628850a2c9efb1813c
a33916627c90d81aff56aee5bacd7fd83fd954cc	1a82269918827a0314d837ad3c18a2dbbf440a27	8c6771f836cd41853aca4b643a1aa11fb5a34f19
a3ca8d8c9990914b7e92bb7096490d03726720a6	b0dd787935e141ad6d1ae972769db603c977a8da	468451e591f1aad604b7a10f6c2bf425868cccff
a4c930de6804651cd90d89f72ccd5be559cd5b7b	e332141f41748f03de0ea101264b71ed731e0f37	2538b782fd16c4be474808c1c82efcff43d50548
a70279b4d23890ac3f52259cac272a9120ce99bc	f32adc5b7fc679be38c4d090870fb96e27af5494	66460f9ad068f123579074225bb043952ea57f9d
a75fbdf8c862ad226805b6510384534214cdadfb	219082801cb835b6762d578628d1f08c0c38902e	12cf26609d22c4c5d15b96f76ace738d7483dfd6
a77e0bea611529b058aae95c4d6c36fb2a78a5d6	3ba971ab9c6fd90243aa987ffe0ba898bdfb3082	c5e38958c2db2ad94e84bb136967b9620b5c61e5
a7c2fefa007c550f6f5393a60c3ae086a82e5236	008be998ef16d6037e77eaf03a5d8df82ba2faa4	894b6fa09e6cd4481350913356449b97cdbc7542
a99ce6653b5317183d9373116347af39c08f7b07	2c4f762f4d2d1b339941d990ff638e43c26a9ce3	68eab84f229712c964f910e2d2cac2d814cff092
a9ecf2b25069fed43b0efd6f2f4ba1f4e028c0cb	1998097e76589bc65b2cafb315215cd5032d81f2	1c03790525a3edd3dcb39631c13fdcf5dd21561d
a9f25e3261ea310e657f50f1b83c6ce6db2d5bf7	d07e57bfd9789f3367141189f0e95f07962cfe22	2fa836ef4e3385edcb97720deb9b4541336fe35f
aa8b608b887ede73dc0e7d8470fc16773af4d39f	64fbf3ec82c45207df2160ffc90bc408d6966187	086ea2355d878c359d3ee4e1a09f7ae27b5f269b
aacca8ca8740f45c1842524175e58a2173b1623e	6c977186a5a210b15effedebb4c37b968faff5cd	b4eee7fdc34a931e3b0a956db8744b01e8aeb30c
ac289e372e86e2a7db29db95828635c1b2bcb5c9	a130dcc9d407589d3163cec8e899b68d303c4721	3f8d1beccbd829aa50b771169db0edf6a10c49a0
ad1816a4446df440956260f9bd093158aa21fd11	47398242ad147498cc48b213d5610055af10bad6	2aee9ed39a6bd9d9bb117a5ab3b080a0a54b5eb6
ad5b7f89031bec0bcea400e963f2e8ca74f48b0d	7db94339b7890d5deaa598c21fd1c0027ba18bc0	24182b1ed2fda67c6a2dcc9f88d1826794073a7d
ad5d33574027addc586f870ab94498c5cefa2b8c	8d602b50ca501ba4c4d62548441ebf95081f0634	e175849516cb2bed6374c5eeeed32b7cc7726479
ae22c63f8b117b75e69d7ae5a11c6bd027a6b10f	52b26b8d6235d9dadcdde369252fb70b85abbe77	00bca0276329285995956d6c7a75f77a7955337a
af278683e1569b60d8f54c529925253b45f3eebc	7b3c477e9621ef29c4575b89b8d3de8ae6a7e924	eebc9380fea3d1a08a0ec48121735044a375274d
af30ae52c553ff4e2fe354ff0b81ffc5d05e0e6b	adcc14a45091b12e875523c21b20b4fb2ec2dded	681b972d9c69aea66ff4247e723944e06f97b306
af615b8394ae89d044c2798fd08f9bbadcc398d9	1a447c28b86ec6d3fc2a4469b2d808105960f29c	9a215eee4591a1a055ff34d5cc8b07389c29c7c0
afa86f80ff59f1b2ff11c5d87bf74ca53fd5289e	0fa6b69e285c2579fb8d92fc9852423408001ac3	c3ae4b8b2870818160976b7ef0945508fb29a363
afba6e5ea6f91e818c7769285574156e87102da2	f1df56db6af2c9ae487e5f0aa5443bca8b775725	0994ef0ad832ae915526eacb20aa3dd88aa20395
afc16eeec7493963d0f867b0c86ae3bbaba73de2	d59319fdcd21ed7b83ca4648a0f4766612d873e3	63a4dba7201d27a35048b3c2936b655a68dc0e2c
afebce1415817e27b2f73923001219c1ec6a1766	965539b6b66be34ae0b5961b81cf7628bfcae8cc	4a464282baac9c74fbc3b70b77b7e2482b14db32
b15dd7151c718d93f249ffd02fb5642f25b8cc82	2a9178b3f2e94c0d28683ff12dc3e8d63440075e	6cd0e67129ab59a4293be9d470eeaf6ae83ca0de
b1d7d700214303cc87db41750c70b90de895b7cc	2c25146707e60f1aeab770817e2ea0d886a57364	eee92beb12d1822cbfa00b90e4c9fade6674c53d
b2bb0fa5b8fa7907f18c54db9f80a336467d0e76	6df05dbf7deb62ce3b5e406fcbd092374f54f7de	e371bdc6a7090f0ecdbc0c0bd243f0d71faf7b54
b3a444886dee1e9e6e9a67b318af03d52559bbe2	e3fbf806ee47d2fe1c039750ca49a9a1714bb96b	66fc2b72eaaa9b7120f228a982118bccba31b2ed
b42565002f13e2ff34f07b6c6148f45b0b83fd55	d855f16e2b6f41fc992c3023c7982372203cbeb4	b87b3af7c9cdc0182dcb77a3224627f098631b8f
b6177141757b7b5a1201a1a33abc591fc939aae9	79fa406f0114ad1ce9a2f89f10aeabd60c4509d2	8e9f179b23a513c2e715c4c53bcb4cf3db474dec
b6e0164b055843a5ea0ec87c8da9f537e4c3e35b	a1d36b1e68cbe58d69608d021fea8f8daf1412cd	e95ceb77c55dd7a0b9ebf0ea7f9cf6135a61a2a6
b70a71e262cd365c3110e179c776661bbf15f802	103466f64c29c001545b712e7a274ab1b269d362	0b0cc4b8064b797ea3d4cb55a4193454336f4999
b7299baae71793ceefb15dfbfe231cf4010f27cd	6976c9a7559ec583c5236c9c1018e2f7b0cf78ed	df046b77f3fb20ab18d2c1943c34c0f3ca140701
b73722be53e659b815e0ade92bb0e165ca13a3b3	528e324a733d26e9fa61cd3ef2ccccd29c790a2e	d47da17691e57d0bfc448473ee2df91a78cd6df1
b7af46cade83be2c8ea695be8ab416071b3ab339	fe58b57b3cee943288a8bddd445d915d7efb92af	80aa79554399a0d4a293a9f1ad7e20f0df32f69b
b7b4303203739baad896d98d7221e7b5efd6c3ae	ab6e060592292976ad1c6aad71b9a948ecfdb573	4cf7b571016370c6fbdb78d058a02fd55e71567f
b8887a48b42f4779a5a551acfabc35b907a15acf	262959f1fa02e3514e1e9bc111cdadcb32fbd04f	28258134c0336256bc0a3a1586bd2cb7d26fe485
b9795ccb92ccaf5a5f39fcc96b007faa77d967e4	1e94fddf9ed683c3984ee2d84cceb4387816e4dc	5f5fc53cb794b1d62ff6ae4647eac441eccdc90e
ba90ae0fbea927b21ebe01ff02d702cf9ba92022	0b2cff1900e0986ad74fb490237bbafe8494961c	f78d6f0678f46bd9b70915fd62fc76274d799070
bb23d54195bc40a9fb2e8ee4b4b0a0e87c09c129	c9580af90c7c66e1008e72d2af499a33ae902907	40c320cdbe68f17e75b952febd8d3a5ce724b710
bb8e9d1ddb0eedb21377f3c6988e5394edda4f97	0c0f8174e11d60cd59f72560033994c3d8c97a9e	dd764b1ee6f34a8ed58cded51c741c5f899951ed
bbe4b69f11a7799a43bd689febb9e29db5f4bebd	ef107395f6c696e94fefb22ba9303ad889a5e4f2	40d27f043459d7458ab6ac8c9451019cbb1f4758
bd021308a5c3f4c4447ccbd84cf04b52a0a15119	394a7560a03d0715ad2030b2982b866e516d603d	35c219cd6c0f948a3d6aed5005271846c209ce17
bd327f216aade44edf5d70e99d1b9ab7bf77fb44	8ac3f4044c5fc1cba5cfa9ad293019ac3ca70112	b7acf5d95e27546c4e163edf051bc5cf6c0b475e
bdac3e71dc40f5931a07953885f67c184d5191d4	74f681fa68de8f9c634835a9f4b0e6f6a8cd07f2	46af68785e15b0156f0aa8340b8fce04d4423f50
be13e43f64ce56d842dfffa0f515d3cc8543ff72	6fc01f1df790b2360107dca8bf7059aa5a2fa1b2	cf0a3d74afac662fc790d6eaab9a5e767e6a742a
bf1bf3b176ed8dd1be84fb97fded2e0f97ee4fe3	5c4cff7fa09149e95f6e664004739d06bbb1af98	20dccf3a7c2104aabaa7da4c75c5d991cd15e66b
c01edb00686c44398b84e3c8c9a0ac9b229dae85	db22b8032f89922242730495fefd04d26247c15a	9011d794e331a110a887d55b6f512bdb17256dcb
c0882a51b9487233b551106376077dad02f9c230	30ff33c3897b6cba1115f553eca6a6f927eb4c39	589b06cbd9641dc79cba657a3fb08e3a6ba69a33
c0e847b697ebb95b095afb5f0c657190b912bcf6	496a80528f270b21808d2231d5e98f74fff14689	17e638980caafb3ff1b01cf99d964999dea9836e
c137f2a5299ae2c2e58cfcff5630c9270c44a366	6765d7f72076d96576a5f3ca1840c4f864b9d6dc	a17a3b308477909dc791a8c7a474abc0170b3f6d
c1d21c91145406fe105351c128361f267786b8a3	d92ea48f27e570faecf1c13d32ef4a8a50d28e71	48a60c65671b035a05d5832252415a1bcd3190dc
c25822e5ab720c4026a20f4a674d953fa161c641	123fadc136ada7e0f1558ac829aa0dfe250f6dc5	368e8340a21deb64b852cc66e837b2af9fdeec7e
c2ca789b46397f33c083a97d8d2a2e84599dc1e8	3ae5fe761bd4376a21fba6b074f17042059320d4	e85f9513e9583f3ef1177e26c11813118f439493
c3f509796e658c4b29ae99ed656185847e2ca19f	ea170297208c218f9e3201acfb5b86c68ba2ac75	c7671a1f1f8ecd4aa093234b42a8741df7cba83a
c41676ea1cef671f1580c245be0b4357ea2d8eb7	430ad496581bf04d0fb45766078cfb7a9db485bf	07e12317972af9cb3f6e857b55f5e260d2d0c908
c606d32becec8c66413e928eee16075cf1e62ab7	69f42718997d6c437d89446d5ebe54db8cdaddca	11824efb913a578dc678e076831cf8ab8b2c7e94
c6b190a0343bcc74e5e13b6c715ed456f6bb9701	0e8eb9c3056c12df6713b8f9d6f619bff3e3b67b	48aa8c6d8bf13060f57c052344c0f6fbe960edc9
c7a7b1a7a21c448108049af6fbad1ea45c73f407	0a6782c7b9ef5c9437784fb40a4a6b89251e7e6e	8aaf6d57ae47286ebb6ff75c59a205cd1b374a8d
c99964acde5ad1f1133e7af95ee5fdcad7f39f08	408b50ba438987bcb39c5412d5d561c6e6cf7769	eb454d7836a81592f5a18e3f4b43a1faa82fa02f
ca91025a8bda84df5b33da935b7f3fe3df61f2d3	72f94858cda51e42205a7ad1243cb8ff13a4680e	073b8a74a22806a10b1ed707d3e1595cfc721233
caffcee680889a69e0115e4c958ac497fe3fa37e	2e66130fb75e09c5e2318a8eeeeb3c72248ecfdd	488033fc7a73fc0cd37e84574e231a71c9393257
cb88428983f7ceb7213d3350dfbb276b79fb5399	2e5ed6e77393e7e21739f1a9e1181bfc3c4def2a	4ab969543e1ee1df4923a36d51ea98c9b7345b9b
cbca08dd64a0010de033e6036855772b4bfa1b74	5004d38fc69676307e70cacfae793f7f0f768033	f97ff63ba09be5b9c729150f74e469926cae396b
cbde2387e92f4cf01d7043d94b0fa8cdb6ca0992	529a751a1e99ad9662376f76db63653a452272b0	9b022e0b4851932858cd19a3c752c5340537ffe2
cbfd90f3129de58bac0acccb5986267554270034	8bed58cf982d63ce81052a825de375c5a9f13d5e	3cd55b8e0fefc65ee34f7a7d068a0e7babfc4867
ccc4f3268421c9d7c923fd5a5669a096b20ee7af	bc9838d845a686f5e4358e5fc4fa4902c0e798c4	cb0145a956aa2bf058b0e4b1420fddf3e5e7338f
ccf335d97473b7d05eea653a8f6beee87e523a9f	5a42eacce8cf076ecb1268f4f5502a50a0b386dc	3790deda277775e7a3585642fc2fbcfe914a136f
cd6ad2db20f26df41cfb0cbe9cf54fff6644fd58	9f217eb17bbc01d48cf5d8cdf3739341e3592e99	47d4adfbf08fa1f03efcc8e90a8df2dbaa3ba006
cdc945d091ea1f6ecd900030dd5ca0b510949773	739a6cc74bb073d38b4836f2fc755baae1210bf9	728a69ee0ceded671a770ee9d1e62c163dce58b5
cdd96c279ffaa1cbaecec5219a938520e2c1c77a	62470a21f04ba9365919fa949eabffbcc3a15e6c	0133becb2f928965322a8dfe4d88acb946d2611f
cde3af80bbc64699834aababd81b7e844c247f52	3e84f2b35f013a3cb4162f85547cd3d2ec584c06	d76016913b5c3f26266a38505530f87ba716e658
ced0f14f4360f6105bfbb020d928b791e8915088	7c98ddf46abe44d5743343a173d8818fbadb5e30	3157cf9e79e70f269428dbf3a0cd6630a3b78dac
d018dd45f9ff109551a940e4749b4be85c07ae0a	0163f1115153345f61164ebef3ecd1323900bc04	1a19b3b21041394fa0840960ce234f1b46aa17da
d04cb4bcb5f6d455a99de8bfc3e47aea1eab3b39	86b26b9e8b7d5e3b5d9d8ea5d7566e861580459e	ab05354af309e1dd24d520198e77c401ba783ee0
d0b453bfd0619a351e7ee788b7c9cbb731598a6a	a9fbee48706ecfb7739bf0d79edb71c8893c317e	fa7f8f2d3c1866f65dc216fafed7fddb7cb372fd
d3510b751f7aa7ebc6303466ceb767972c237b0b	fb74dbd940ba684cbcfb564da5b451596fe50fea	b0fa88eab1f70b44ec9b6a426d805d07d20a3a8c
d3632bcbe39130bab5dd697e1093cb8eb4ee7d42	44cfabe20b781681baccf6e5106e079bd99316c5	2116ab7616b2fcfa28db21e10ff99bec11afb3cc
d4b5f7a392d43427c7b9192f63d4d558cbe2db06	1c1353ddaf33a0c4b89ab3ac84ad0d186680cf1c	32add65b795c51de069e039949616b86ab819baf
d513ce4d1f61a9f17f0f33785d42e98dd74ae317	2c171b474caef5ceadfe85d455f1e562b0e63561	fd7d59329eb4e283a7c54d5296f8bc1c105d87a9
d6bcb98eb48e43d9ac38ab9d4eaae68f8f6e2da1	44be86e53b4b06ac55e8e1722767c8904871e617	927d1b0aff43c43e387e6aa7a7e76ace33f17c0a
d70b19c5b15d1b2f6bd4450ac3f559577728b544	12af409c953abad27272a9745c7c92d7f6c64d2f	1d59dd65e480f9d4763ea617ed98a3b47e16fdb6
d72d6b8019b139d3c8d68ba11391062ff1a0f42d	4c1305fdd8241fe58a42dda1976fb29c9c6b8f41	85fac038fd27927d33a34d03dd0920a8ae34bab1
d7d1bf9be8b2fc54480af21253c232804a907acb	68940b2d4138e23e6ba51162633882e537b038ae	df662396a1b2f0562e2264e203b9902f09c91183
d941b2468eabf0df955d53bdc9b15c6c9664a582	123d4d2585c62efa93a5124be2c248c0436a13fe	7dd372d09e7e2424be8863ffd9191a8a89ca24be
d9801741b2334112f02a25be53f859ec20a22512	c7a5b9e39ad6f80d038177c02385729cf514f583	4cb173be55c077bf0bf54c4456a327637b0d0da7
d99614d0152b356b4a001e0582735dcb9f0f5594	baa969c71ebede586aacaf27d012bc30dc5f4b20	94afa21ada538716b4342e7691cead450518edb4
db2a62adb48248abc7920ef93ab84bf2f6c41187	7bf78bc7518bd11f24fdb45b781fb232513e0aa8	04a626a5dae3a4c23bb41210d9150a41521a2419
db7af9b60625e05584410b6d0bc0ee2f8dae30f4	5950e7aef55389d9a61d737c18a4b15b61ff3cf2	ac4d9d6686d26f16d44ce6092b25712e74eeecb7
dc4cd6f1eb7e98a1bc6e2ae99ac5e3a783d490f7	68a97cb93c7364df140790aa44ef8e3adb88afbe	68e0fa0a9908128988f49f2539c9a33a5c0fbec4
dd59db5f8c1ee4897c3ea344b77d02c9fe69d0ba	f23ba0707ead5af86c355f5ec9eb9a01c11f7f71	59c429acf434642b55ac5bcee60d19514c7d92da
de337abd2e48ea9c2aa8c746b90fd2b80a39a725	cfaa17e765e42b3d51ba8838e04c444fb6df68fa	283873080c1578351bfd1ea826ff5baa617374d8
de4a7ae44fbc80a8e90cf8943e290b8c89c60c91	ff75b5e883734953c2de341c219494b1da51588b	50d66df77c44a79b9e9a70fe2ed81c455632c92e
de55f6b3995e0fa5478f2fb329e2fafdf690028c	e0c7b78da5d6b43998006abbca9d95a2e6807abb	e4fa0cf14401ed14589272f5bac212b147194acf
df182d65cda47eff3917c9244d1c748259e8f7a1	bf4b1cddca62e1a42b13cc825db8e622835e99f3	90d6a14a352507f273c961c5bf00ce12509942f1
dfb160734c22d6d7ffb2addd3f0b919c584888bc	10fc4d3c31025ccdb4ead08a10ea39a029f3b787	9d2a55b30bd5183cc3a69a6cf99ae76835c3b76b
e0a16246e8ef5d4bce9a18ebdc4cd5be023e1aa0	ab7b45c8aaba22eef00b979f0cc2858d5e89ab83	ffdbd83cd089f9ed331c80142e5e64bd2560d1ac
e0d2277a9081d5cd1b72de3e9250d8143f8f2b35	6c3e71670ecce5aa5d6911b1536bd692d2537dce	de81d614a7b7a28e2eac59335176c94d7b8c1630
e0efca9f13144c42619ce792d8c68cad08f72a27	2a196f2c5f79127706bdfc7112534735c4f3026c	7c33464262cd0b30ae22bc60fbde181ac4d09294
e1e430b71aa3eaaf5035d25844c297aa874cc6a5	fee07eda437f67297d30c24d4acee2df473874b9	a108e2ade9d4cb452c0822134b5af17add051f0e
e244aee984f14fea0788458f3128b87bae13bada	31b2cc127affc7a840329ae22089c8a9eca38ecf	fa5ad58ef4e8e6ab099ef6b2c94e764f9b0b3683
e2b315d7209ed50a045b797bf4bccf0448cb96ea	aafc9a9a6a4de2e30d2c68566ee4e9b50d490886	87d3545152649c45ba404cf6ec97cbe16349d362
e4e540f087499d216d1928112c74351f62524456	b6ab7c50e862c3ae64cff77ee1b7c867f65cbf3c	e9209265655b261313973af1bde1c77d2a960140
e509b5418cbc76fb09d8706cfbade857ae59ce83	4ab28a1611a3bf6fcd587dca67c36ea39b1896c7	dfdc2566b2c8c497fc809b4c60b44eac84282b6a
e5fdf85da45e973ec82b526dab68431db927d312	08343ec118a05f4a1e54741b3ff3d81e32abf795	9edb97a37abdc16c61cd8bc0a0caf7b929bfb217
e70f6cc64c5c9c17c27dae61ea0bb6a7bb74e1b4	fc18e4f1e48dd0ed57d96f9a7defecebfa6ba013	3ee60398b39b968a0e8a82b28764b94c264949f2
e780d66de91aca8abe60685480c5110e4dcc7d4c	184e0e10b772d7e3d81d247aed589905fd7ae9ca	96a555a3bb4b4d8d1d22cfcb7df9990f949cd207
e7e549e8392a2332c5177cd55b38d40aa466e48b	7e6412f3ea24c2b2a6feb438086f4554ddc9ddbc	86ad373c7479c4341bc1cf289ad92aee5ce39f8e
e805a3b5a506284c79cfb71dad0a08a00281f40a	d76b607560e0d3ceb04975616e9689413d47cd81	9ae3e805ab1a0943fc05fc15eb972dc439e4c2fb
e9fbd022d9bb34f02a811ff9380f03bd189a0456	23a8f60eb1896e7f4e8c6a39f876558e828e7fff	c6bf631efc4960dd81950c6ddead2c2b4741d94f
ea8ea836440f5d6499f97f66a81685bc90f86691	15f260a4ff7e6e5a3b8d308d355d0a9d3fedbcce	db46dada4dbcaa54c8fe45b51a5dbdd485ebf294
eaa2dab42373f6d311109f0e24d45dbb81038ab6	905fd8d19bd0949221bd9ef10f86268e13da878e	d9f3476774157ede339f726fd264bfa770d1e999
eab4d386d48dbcc1c5858c909f9459043893746f	0906a602dbb0da70e5a4003d8eda174fa11e0cfc	883e562ae433dd9b7bf4e69f2a27dfa76eae47d8
ebad0fdde70349ca3379f960f851ac35e67e146b	4dac1b2c7cb45f3910d20fb1e6bc1415d7b4fb07	deca19c467a7f76585d079778e1eae329646cbba
ec975cd1ea4da6ed7845bbe275f751260b01e5ef	7b2bf3d13afe7301011d761d75438ffc43561eee	ac37ae6543b1686f48b6734429cd4e2022d79cfe
ed994b942aa1c7a1c9abfa9370382c78c7d9075f	5ab0ac04d515d31be963d96ecce28f21d406dc74	953a07171d9996d88149c3b3660349320308cb38
edb2a74c19188ff302947fdc37bd19e45ecef488	32602b1d8c9c601287da5a1e5145ff02745d1a24	265fa97b7e4a070acf170ef02c6c51e051bfcf4c
edbbe4907d68b96b28ea70de4723cbc2b09364d4	28b52cb2e493d9f8881b5058fe749f33d729e1cb	3250194671672580b8296c6b537d7c09375c3b70
ee4f51902801a3ed0d04d934d6de0fe26422544e	8e0649fb91dc46249e4003ccc57c421a594b834a	246418db9b5a6f09fe440855d1e718fbf1fd05b4
eeddd317111954024bab2745010d8ddb8e149526	9254bfa5a6bbd6c5fd8d12b1bbbe75320f638a8e	3882274a92c214f67886b4480e3e9dc52238f73a
ef7d9e50c4f65c4993f79253d11a3d32c3f2e49a	d1cfe5824240a9c5ed25814d65f602efd23d4507	10fb2040aac3d4eb531537524394c5db7532ecf9
f23097feb5d8648fa6fd2b344f1c3973f2b2f505	625b1f95a5f1743ddcc4010c45baecb4270ccfdc	a3997ef31aa1b71f6972e7822b075f21a9eccaa9
f264f76631c7215347dbaf20ea00692fc72837d0	93c387de2dc265580c66f71c1565c28cbe269acb	b74d4fcc0edb9a1470eb9ca4e80d3f19632adb55
f2a449a512305e17afdd3eaf23483eea04064f07	444ca026d1f3e0c954ea8777bc7fb962ecd2e3c8	79573bbee4a4a19396fe67642979739293104d6f
f39c72a3e06f5d03a3a812a821a208559fab25a4	828b4f5ade2770cb23ec80cfd1281644053bb4d7	3bb176081e0ec6d12413036ed4363193684a0f77
f427e9f38b073ad8268e736d83864e78e3dda4a9	00e061c42d4e1985205f452bcd33a3129176cd1c	4a68929c6e0b2cbbd28c1f018d64b2afee2c5c78
f458f695a2b9f635066a580a77e2cd3e5b7da220	38197471c04ea27282989e297ae14581693c53a5	ea80f6065266e943f7dad906373e5a0913c242bb
f53c976c89ec0ceb635b725cf30575ec3142a7ab	c98e4b4e706407957972ca13588bd2076db05e84	ce884d98245a5d03cf2808882540128e4b8b6448
f577111535884825ded1f681d43a9a0daa4b8c2f	813ee6a982f56994346e3b6fa1cff80872ffeef6	293fa258a355e5f8238df102682bca9b29587f6a
f57d5dd3be26a449bbc7ac06bfbd8872434150a4	8905531b6470e4d8a2cfcedf41936f97382966ca	606e12fb6a5e3dee24c4cd300b8962413a2854c6
f5af13ba34d6278963f8a721869b0ea70b292d64	6c80b9ea4bb82c9b54985ff34c1b4357ae7cd965	33220dd33ee3999353039dc778f4edbb11eed27f
f5ffdefa2431f6a59ae32adcc75864124c5c913f	cd887e44e8fb817c6970cd2819f43d1c982459e7	065442fa1fe4d49de8905bf23a876f03d1c60598
f65609b0a32bb0833af7a685f060c7da5a8e35f7	8eca0cf747b6fb29abdec673e98683041f1852c9	27ed109c7723cee8729fab0cc05118c854d4961f
f6bf7a1b69315c06658948f8f5449f9378e54b9c	83a885ac96e79d74418d72cd2d7cebe2cd242264	e3b9e0ce1c537ab337c2e018c50cc871f7b618d0
f7c9cf708c86eec710492b611be5274c7e3cf379	b79ac7fb55524d46252219d7354123de6d3f97d9	a2f86739f703c15d27348768332e7c6ecb66bc33
f832b333a02f78bf475f9e48616755612a75a9cb	957021d920dabd0d5b800efc7618c21c0bafae7e	ef7ced1d0b3303b8c1ff5070fc5fb2b77a9f207f
f8bb9d732bd672bc942b869fa3f0dd9a0d3fb1af	515de3652050cc2ad4a10a0649d29045ae01fc97	24404812ab80efcf89cc5a52b0c0f39fdb7acd50
f9c090c13aa8570d0f53deb7ebc1379e126eb146	287ca96fca64a3068dd6c66a54dad15b32b8dd26	af95e6819db06f961a7c401d1f1687cee901a2ae
fa43c54544cd6320df1d095dc4987902fe2f3eb3	69dad7dbe03238b6a6277fb5636bf05cfe1f7c85	33c0e4bf42be4bbdc0ecd23c11c4534291faed82
fa4c39f2e1db5563606bc5c3f32486121c9236b7	d272e8d78feb296dd1680bfa85548976f4c450ff	8b29122f920756d1e748cdba7c9aa210ef0bb2b9
fb5c73fa9e205159fd96d996aa3a034dc82894db	fd61a29b05e1f9ba7519fbbbb226c866ba3608c6	ba2484880142856ea59292d0b10adf01dcd575fa
fc697bbbd0f2d2e3a4a409c2b6cd0e50db4d3f15	77465b27991e936a4fe90f6a1374faab42c17c05	8c66c622b148fe418758211fa530efd5e28da43c
fca525b55f196ef28b2982ba148b859816854883	16308cc363904ac065ac33139860eaeb50edff5b	a76280dcfdc024ab754018ed37af8efd4949895d
fd079fabe49691366404825192a6c15344d4c42e	7e982c18ad5f3d9bf74759e760e2d4a949aa052d	662044e31e1a4fe69ffccc2de75dc1767cf2d356
fefc57952f17c8c5e523763b529ab93643eb251e	f27301e432da718dd4e5e1a2fdc9e875a7e83fa1	c2a3588adc1aed5b8dcc4c5e6eaf089383e37044
