refs/heads/coderabbitai/chat/f489d11	54e885ec4a868bb0ef35e8087e2a37ee657318f2	e03141467e28172bbd895840b922b7b15f59924825ab9bec067cd42aa9dba0bb
refs/heads/dependabot/github_actions/actions/deploy-pages-5.0.0	99ea272e254ce76834e0628aaa8a001e9edb6184	77ca6d18ca5c245db64e104bdda4df75aacd03c251b9914b1c832341551d4773
refs/heads/dependabot/github_actions/actions/download-artifact-8	24982ffb7d3d235aba977a22288edda5468dae7a	eeda24b7554d0e4c17b03552ad9e791e522645127ee25f919d62c4dc94b12125
refs/heads/dependabot/github_actions/actions/setup-python-6	e9ca276eb006c28e524b87004072edb3ee9fdf6b	e89d57f9bf0376d330968346dcb0aeb12d89c2246d674ae44e549e4b02e1830d
refs/heads/main	9032c2f6e6b8803488842e85478612ce3944d242	0dc8ccd7f91a11f31741213614fd38ae08c3ae389f98fd58fc2a5e96fbaee064
refs/heads/paudley/1092-correspondence-frontend	aaaf0e915d97b173a9362f4dcd562a631cf8f7e1	e37cfc5c9bef0887cf8e9727f468c992440c34d35dae0d12afdd0868216a661f
refs/heads/paudley/1304-native-backward-slg-tabling	f51bd2db387cbaecf70298ea5b0e52d00e1ff2de	c4ee5196ac9c3aa4d4b41b016956de42098a43d98b805224788076672c380ea8
refs/heads/paudley/1314-rustify-primary-python	7001bd711f2128316b254b935ad6ebd0e1e7242a	9fbb5a766b38be75ef44e82862514b4d84a3aac9a828d596d34388f355be957c
refs/heads/paudley/1344-chase-termination-ladder	70783cbd375b23101596009943e57d402d920b38	1fe99693d10f54b82232391adaf820cf17a7bd7d56f1b6ae84cfc797d51d04e9
refs/heads/paudley/1428-native-numeric-builtins	d4b2b38ce5dfc8552b01d8f39b244502a851fc3d	ef989ec6c8ca737a1bd40f12a1d4ea0c75463837bc94e19b8150c6330cb07ec2
refs/heads/paudley/1551-logic-only-shape-retirement	7fd6eacc70e607de1a3bf91cd7b9e489195aa700	d64f34afb62f0ec0cb4fd873ba442e6b8c30358c77d6535533ba312df143324a
