refs/tags/crates/gts/v0.1.0	af4dbe65ca48ca1a5aff50632537f6f7ce2c3073	4d3d2cdf3ce8d423c14a4b38b1ed63c7ec0f026b0ed8dd196c37ee82dad8b4b8
refs/tags/crates/gts/v0.1.1	fda7ea3f182c4a2202c11731704a769ef1b07b45	114ec93a64e0da8e669c4a3032f3ca208e0579def81394b9c7e5e234cf9840c2
refs/tags/crates/gts/v0.1.2	605fdc47e83f957b588f4a895bea1ae1ad405df1	d531904b1d9c772955a9c56855e538964d5d7508f2c93b33d97d08375462a454
refs/tags/go/gts/v0.1.0	ec73cd658d0543baa691d87525f74c9edc698608	3da6f60287606a773d7b7e7c4b86a5386983e4cbd1bb2464c587893eeee2b267
refs/tags/py/gmeow-gts/v0.1.1	638b598558f9c0140a9b1f151b6352eef93ac50d	ffd54ad761ccf0af4f60910480a7acbc26a8cc8ef8630dfa451c7b24f04292c3
refs/tags/py/gmeow/v1.0.2	638b598558f9c0140a9b1f151b6352eef93ac50d	ffd54ad761ccf0af4f60910480a7acbc26a8cc8ef8630dfa451c7b24f04292c3
refs/tags/ts/gts/v0.1.0	bd2b78f14610f3c21129a3c5486dbd9482a8a14e	4b4f7377e1953eb940ab5fe0f0ce76de43eccbfed05fde7f97c1305af1bea801
refs/tags/ts/gts/v0.1.1	fda7ea3f182c4a2202c11731704a769ef1b07b45	114ec93a64e0da8e669c4a3032f3ca208e0579def81394b9c7e5e234cf9840c2
refs/tags/v0.2.0	1361ab1dfcaba673c64b5a47b49c195524344291	0dc8ccd7f91a11f31741213614fd38ae08c3ae389f98fd58fc2a5e96fbaee064
refs/tags/v1.0.2-last-apache	07b5409405d035ad769de2b572ecc04174403e07	0a30d432dd560d0adcd8de561d2f1a65168659489c9f94d651c0ec05912436c5
